生命,少典,黃帝,子-N,黃帝者，少典之子,
屬性,黃帝,公孫,姓-N,黃帝者，少典之子，姓公孫,
屬性,黃帝,軒轅,名-N,黃帝者，少典之子，姓公孫，名曰軒轅,
屬性,黃帝,生而神靈,者-N,黃帝者，少典之子，姓公孫，名曰軒轅。生而神靈,
屬性,黃帝,弱而能言,者-N,黃帝者，少典之子，姓公孫，名曰軒轅。生而神靈，弱而能言,
屬性,黃帝,幼而徇齊,者-N,黃帝者，少典之子，姓公孫，名曰軒轅。生而神靈，弱而能言，幼而徇齊,
屬性,黃帝,長而敦敏,者-N,黃帝者，少典之子，姓公孫，名曰軒轅。生而神靈，弱而能言，幼而徇齊，長而敦敏,
屬性,黃帝,成而聰明,者-N,黃帝者，少典之子，姓公孫，名曰軒轅。生而神靈，弱而能言，幼而徇齊，長而敦敏，成而聰明,
政治,神農氏,,世衰-N,軒轅之時，神農氏世衰,軒轅之時
戰爭,諸侯,,相侵伐-N,神農氏世衰。諸侯相侵伐,軒轅之時
因果,神農氏世衰,諸侯相侵伐,。-N,神農氏世衰。諸侯相侵伐,軒轅之時
政治,諸侯,百姓,暴虐-N,諸侯相侵伐，暴虐百姓,軒轅之時
因果,諸侯相侵伐,諸侯暴虐百姓,，-N,諸侯相侵伐，暴虐百姓,軒轅之時
轉折,諸侯暴虐百姓,神農氏弗能征諸侯,，而-N,諸侯相侵伐，暴虐百姓，而神農氏弗能征,軒轅之時
戰爭,神農氏,諸侯,弗能征-N,諸侯相侵伐，暴虐百姓，而神農氏弗能征,軒轅之時
因果,神農氏弗能征諸侯,軒轅習用干戈,。於是-N,諸侯相侵伐，暴虐百姓，而神農氏弗能征。於是軒轅乃習用干戈,軒轅之時
政治,軒轅,,習用干戈-N,軒轅乃習用干戈,軒轅之時
遞進,軒轅習用干戈,軒轅征不享,，以-N,於是軒轅乃習用干戈，以征不享,軒轅之時
戰爭,軒轅,不享,征-N,於是軒轅乃習用干戈，以征不享,軒轅之時
遞進,軒轅征不享,諸侯咸來賓從軒轅,，-N,於是軒轅乃習用干戈，以征不享，諸侯咸來賓從,軒轅之時
政治,諸侯,軒轅,咸來賓從-N,於是軒轅乃習用干戈，以征不享，諸侯咸來賓從,軒轅之時
轉折,諸侯咸來賓從軒轅,軒轅為暴,。而-N,於是軒轅乃習用干戈，以征不享，諸侯咸來賓從。而蚩尤最為暴,軒轅之時
政治,蚩尤,,為暴-N,而蚩尤最為暴,軒轅之時
轉折,蚩尤為暴,軒轅莫能伐蚩尤,，-N,於是軒轅乃習用干戈，以征不享，諸侯咸來賓從。而蚩尤最為暴，莫能伐,軒轅之時
戰爭,軒轅,蚩尤,莫能伐-N,於是軒轅乃習用干戈，以征不享，諸侯咸來賓從。而蚩尤最為暴，莫能伐,軒轅之時
並列,軒轅莫能伐蚩尤,炎帝欲侵陵諸侯,。-N,於是軒轅乃習用干戈，以征不享，諸侯咸來賓從。而蚩尤最為暴，莫能伐。炎帝欲侵陵諸侯,軒轅之時
戰爭,炎帝,諸侯,欲侵陵-N,炎帝欲侵陵諸侯,軒轅之時
因果,炎帝欲侵陵諸侯,諸侯歸軒轅,，-N,炎帝欲侵陵諸侯，諸侯咸歸軒轅,軒轅之時
政治,諸侯,軒轅,歸-N,諸侯咸歸軒轅,軒轅之時
遞進,諸侯歸軒轅,軒轅修德振兵,。-N,諸侯咸歸軒轅。軒轅乃修德振兵,軒轅之時
政治,軒轅,,修德振兵-N,軒轅乃修德振兵,軒轅之時
並列,軒轅修德振兵,軒轅治五氣,，-N,軒轅乃修德振兵，治五氣,軒轅之時
政治,軒轅,五氣,治-N,軒轅乃修德振兵，治五氣,軒轅之時
並列,軒轅治五氣,軒轅蓺五種,，-N,軒轅乃修德振兵，治五氣，蓺五種,軒轅之時
政治,軒轅,五種,蓺-N,軒轅乃修德振兵，治五氣，蓺五種,軒轅之時
並列,軒轅蓺五種,軒轅撫萬民,，-N,軒轅乃修德振兵，治五氣，蓺五種，撫萬民,軒轅之時
政治,軒轅,萬民,撫-N,軒轅乃修德振兵，治五氣，蓺五種，撫萬民,軒轅之時
並列,軒轅撫萬民,軒轅度四方,，-N,軒轅乃修德振兵，治五氣，蓺五種，撫萬民，度四方,軒轅之時
政治,軒轅,四方,度-N,軒轅乃修德振兵，治五氣，蓺五種，撫萬民，度四方,軒轅之時
並列,軒轅度四方,軒轅教熊羆貔貅貙虎,，-N,軒轅乃修德振兵，治五氣，蓺五種，撫萬民，度四方，教熊羆貔貅貙虎,軒轅之時
政治,軒轅,熊羆貔貅貙虎,教-N,軒轅乃修德振兵，治五氣，蓺五種，撫萬民，度四方，教熊羆貔貅貙虎,軒轅之時
遞進,軒轅教熊羆貔貅貙虎,軒轅戰炎帝,，以-N,軒轅乃修德振兵，治五氣，蓺五種，撫萬民，度四方，教熊羆貔貅貙虎，以與炎帝戰於阪泉之野,軒轅之時
戰爭,軒轅,炎帝,戰-N,軒轅乃修德振兵，治五氣，蓺五種，撫萬民，度四方，教熊羆貔貅貙虎，以與炎帝戰於阪泉之野,軒轅之時
事件屬性,軒轅戰炎帝,阪泉之野,於-L,軒轅乃修德振兵，治五氣，蓺五種，撫萬民，度四方，教熊羆貔貅貙虎，以與炎帝戰於阪泉之野,軒轅之時
事件屬性,軒轅戰炎帝,,三戰,軒轅乃修德振兵，治五氣，蓺五種，撫萬民，度四方，教熊羆貔貅貙虎，以與炎帝戰於阪泉之野。三戰,軒轅之時
事件屬性,軒轅戰炎帝,,然後得其志,軒轅乃修德振兵，治五氣，蓺五種，撫萬民，度四方，教熊羆貔貅貙虎，以與炎帝戰於阪泉之野。三戰，然後得其志,軒轅之時
遞進,軒轅戰炎帝,蚩尤作亂,。-N,軒轅乃修德振兵，治五氣，蓺五種，撫萬民，度四方，教熊羆貔貅貙虎，以與炎帝戰於阪泉之野。三戰，然後得其志。蚩尤作亂,軒轅之時
政治,蚩尤,,作亂,蚩尤作亂,軒轅之時
並列,蚩尤作亂,蚩尤不用命,，-N,蚩尤作亂，不用帝命,軒轅之時
政治,蚩尤,命,不用-N,蚩尤作亂，不用帝命,軒轅之時
因果,蚩尤不用命,黃帝徵師諸侯,。於是-N,蚩尤作亂，不用帝命。於是黃帝乃徵師諸侯,軒轅之時
政治,黃帝,諸侯,徵師-N,黃帝乃徵師諸侯,軒轅之時
遞進,黃帝徵師諸侯,黃帝戰蚩尤,，-N,黃帝乃徵師諸侯，與蚩尤戰於涿鹿之野,軒轅之時
戰爭,黃帝,蚩尤,戰-N,黃帝乃徵師諸侯，與蚩尤戰於涿鹿之野,軒轅之時
事件屬性,黃帝戰蚩尤,涿鹿之野,於-L,黃帝乃徵師諸侯，與蚩尤戰於涿鹿之野，遂禽殺,軒轅之時
遞進,黃帝戰蚩尤,黃帝禽殺蚩尤,，遂-N,黃帝乃徵師諸侯，與蚩尤戰於涿鹿之野，遂禽殺蚩尤,軒轅之時
生命,黃帝,蚩尤,禽殺-N,黃帝乃徵師諸侯，與蚩尤戰於涿鹿之野，遂禽殺蚩尤,軒轅之時
因果,黃帝禽殺蚩尤,諸侯咸尊軒轅,。而-N,黃帝乃徵師諸侯，與蚩尤戰於涿鹿之野，遂禽殺蚩尤。而諸侯咸尊軒轅為天子,軒轅之時
政治,諸侯,軒轅,咸尊-N,諸侯咸尊軒轅為天子,軒轅之時
事件屬性,諸侯咸尊軒轅,,為天子,諸侯咸尊軒轅為天子,軒轅之時
遞進,諸侯咸尊軒轅,軒轅代神農氏,，-N,諸侯咸尊軒轅為天子，代神農氏,軒轅之時
政治,軒轅,神農氏,代-N,諸侯咸尊軒轅為天子，代神農氏,軒轅之時
遞進,軒轅代神農氏,黃帝從而征不順者,，-N,諸侯咸尊軒轅為天子，代神農氏，是為黃帝。天下有不順者，黃帝從而征之,軒轅之時
屬性,軒轅,黃帝,為-N,諸侯咸尊軒轅為天子，代神農氏，是為黃帝,軒轅之時
戰爭,黃帝,不順者,從而征-N,天下有不順者，黃帝從而征之，,軒轅之時
並列,黃帝從而征不順者,黃帝去平者,，-N,天下有不順者，黃帝從而征之，平者去之,軒轅之時
政治,黃帝,平者,去-N,黃帝從而征之，平者去之,軒轅之時
並列,黃帝去平者,黃帝披山通道,，-N,黃帝從而征之，平者去之，披山通道,軒轅之時
動作,黃帝,,披山通道-N,黃帝從而征之，平者去之，披山通道,軒轅之時
事件屬性,黃帝披山通道,,未嘗寧居,黃帝從而征之，平者去之，披山通道，未嘗寧居,軒轅之時
遞進,黃帝披山通道,黃帝東至于海,。-N,黃帝從而征之，平者去之，披山通道，未嘗寧居。東至于海,軒轅之時
空間,黃帝,海,東至于-L,黃帝從而征之，平者去之，披山通道，未嘗寧居。東至于海,軒轅之時
並列,黃帝東至于海,黃帝登丸山:岱宗,，-N,黃帝從而征之，平者去之，披山通道，未嘗寧居。東至于海，登丸山，及岱宗,軒轅之時
空間,黃帝,丸山:岱宗,登-L,黃帝從而征之，平者去之，披山通道，未嘗寧居。東至于海，登丸山，及岱宗,軒轅之時
遞進,黃帝登丸山:岱宗,黃帝西至空桐,。-N,黃帝從而征之，平者去之，披山通道，未嘗寧居。東至于海，登丸山，及岱宗。西至于空桐,軒轅之時
空間,黃帝,空桐,西至于-L,黃帝從而征之，平者去之，披山通道，未嘗寧居。東至于海，登丸山，及岱宗。西至于空桐,軒轅之時
並列,黃帝西至于空桐,黃帝登雞頭,，-N,黃帝從而征之，平者去之，披山通道，未嘗寧居。東至于海，登丸山，及岱宗。西至于空桐，登雞頭,軒轅之時
空間,黃帝,雞頭,登-L,黃帝從而征之，平者去之，披山通道，未嘗寧居。東至于海，登丸山，及岱宗。西至于空桐，登雞頭,軒轅之時
遞進,黃帝登雞頭,黃帝至江,。-N,黃帝從而征之，平者去之，披山通道，未嘗寧居。東至于海，登丸山，及岱宗。西至于空桐，登雞頭。南至于江,軒轅之時
空間,黃帝,江,南至于-L,黃帝從而征之，平者去之，披山通道，未嘗寧居。東至于海，登丸山，及岱宗。西至于空桐，登雞頭。南至于江,軒轅之時
並列,黃帝南至于江,黃帝登熊:湘,，-N,黃帝從而征之，平者去之，披山通道，未嘗寧居。東至于海，登丸山，及岱宗。西至于空桐，登雞頭。南至于江，登熊、湘,軒轅之時
空間,黃帝,熊:湘,登-L,黃帝從而征之，平者去之，披山通道，未嘗寧居。東至于海，登丸山，及岱宗。西至于空桐，登雞頭。南至于江，登熊、湘,軒轅之時
遞進,黃帝登熊:湘,黃帝北逐葷粥,。-N,黃帝從而征之，平者去之，披山通道，未嘗寧居。東至于海，登丸山，及岱宗。西至于空桐，登雞頭。南至于江，登熊、湘。北逐葷粥,軒轅之時
戰爭,黃帝,葷粥,北逐-N,黃帝從而征之，平者去之，披山通道，未嘗寧居。東至于海，登丸山，及岱宗。西至于空桐，登雞頭。南至于江，登熊、湘。北逐葷粥,軒轅之時
並列,黃帝北逐葷粥,黃帝合符釜山,，-N,黃帝從而征之，平者去之，披山通道，未嘗寧居。東至于海，登丸山，及岱宗。西至于空桐，登雞頭。南至于江，登熊、湘。北逐葷粥，合符釜山,軒轅之時
戰爭,黃帝,釜山,合符-N,黃帝從而征之，平者去之，披山通道，未嘗寧居。東至于海，登丸山，及岱宗。西至于空桐，登雞頭。南至于江，登熊、湘。北逐葷粥，合符釜山,軒轅之時
並列,黃帝合符釜山,黃帝邑于涿鹿之阿,，而-N,黃帝從而征之，平者去之，披山通道，未嘗寧居。東至于海，登丸山，及岱宗。西至于空桐，登雞頭。南至于江，登熊、湘。北逐葷粥，合符釜山，而邑于涿鹿之阿,軒轅之時
動作,黃帝,涿鹿之阿,邑于-L,黃帝從而征之，平者去之，披山通道，未嘗寧居。東至于海，登丸山，及岱宗。西至于空桐，登雞頭。南至于江，登熊、湘。北逐葷粥，合符釜山，而邑于涿鹿之阿,軒轅之時
並列,黃帝邑于涿鹿之阿,黃帝以師兵,。-N,黃帝從而征之，平者去之，披山通道，未嘗寧居。東至于海，登丸山，及岱宗。西至于空桐，登雞頭。南至于江，登熊、湘。北逐葷粥，合符釜山，而邑于涿鹿之阿。遷徙往來無常處，以師兵為營衞,軒轅之時
政治,黃帝,師兵,以-N,黃帝從而征之，平者去之，披山通道，未嘗寧居。東至于海，登丸山，及岱宗。西至于空桐，登雞頭。南至于江，登熊、湘。北逐葷粥，合符釜山，而邑于涿鹿之阿。遷徙往來無常處，以師兵為營衞,軒轅之時
事件屬性,黃帝以師兵,,為營衞,黃帝從而征之，平者去之，披山通道，未嘗寧居。東至于海，登丸山，及岱宗。西至于空桐，登雞頭。南至于江，登熊、湘。北逐葷粥，合符釜山，而邑于涿鹿之阿。遷徙往來無常處，以師兵為營衞,軒轅之時
事件屬性,黃帝以師兵,,遷徙往來無常處-L,黃帝從而征之，平者去之，披山通道，未嘗寧居。東至于海，登丸山，及岱宗。西至于空桐，登雞頭。南至于江，登熊、湘。北逐葷粥，合符釜山，而邑于涿鹿之阿。遷徙往來無常處，以師兵為營衞,
政治,黃帝,官名,命-N,黃帝從而征之，平者去之，披山通道，未嘗寧居。東至于海，登丸山，及岱宗。西至于空桐，登雞頭。南至于江，登熊、湘。北逐葷粥，合符釜山，而邑于涿鹿之阿。遷徙往來無常處，以師兵為營衞。官名皆以雲命，為雲師,
事件屬性,黃帝命官名,,皆以雲,黃帝從而征之，平者去之，披山通道，未嘗寧居。東至于海，登丸山，及岱宗。西至于空桐，登雞頭。南至于江，登熊、湘。北逐葷粥，合符釜山，而邑于涿鹿之阿。遷徙往來無常處，以師兵為營衞。官名皆以雲命，為雲師,
屬性,官名,雲師,為-N,黃帝從而征之，平者去之，披山通道，未嘗寧居。東至于海，登丸山，及岱宗。西至于空桐，登雞頭。南至于江，登熊、湘。北逐葷粥，合符釜山，而邑于涿鹿之阿。遷徙往來無常處，以師兵為營衞。官名皆以雲命，為雲師,
並列,黃帝以師兵,黃帝命官名,。-N,黃帝從而征之，平者去之，披山通道，未嘗寧居。東至于海，登丸山，及岱宗。西至于空桐，登雞頭。南至于江，登熊、湘。北逐葷粥，合符釜山，而邑于涿鹿之阿。遷徙往來無常處，以師兵為營衞。官名皆以雲命，為雲師,
並列,黃帝命官名,黃帝置左右大監,。-N,黃帝從而征之，平者去之，披山通道，未嘗寧居。東至于海，登丸山，及岱宗。西至于空桐，登雞頭。南至于江，登熊、湘。北逐葷粥，合符釜山，而邑于涿鹿之阿。遷徙往來無常處，以師兵為營衞。官名皆以雲命，為雲師。置左右大監,軒轅之時
政治,黃帝,左右大監,置-N,黃帝從而征之，平者去之，披山通道，未嘗寧居。東至于海，登丸山，及岱宗。西至于空桐，登雞頭。南至于江，登熊、湘。北逐葷粥，合符釜山，而邑于涿鹿之阿。遷徙往來無常處，以師兵為營衞。官名皆以雲命，為雲師。置左右大監，監,軒轅之時
遞進,平者置左右大監,左右大監監萬國,，-N,黃帝從而征之，平者去之，披山通道，未嘗寧居。東至于海，登丸山，及岱宗。西至于空桐，登雞頭。南至于江，登熊、湘。北逐葷粥，合符釜山，而邑于涿鹿之阿。遷徙往來無常處，以師兵為營衞。官名皆以雲命，為雲師。置左右大監，監于萬國,軒轅之時
政治,左右大監,萬國,監-N,置左右大監，監于萬國,軒轅之時
遞進,左右大監監萬國,萬國和,。-N,置左右大監，監于萬國。萬國和,軒轅之時
政治,萬國,,和-N,萬國和,軒轅之時
遞進,萬國和,鬼神山川封禪與為多,，而-N,萬國和，而鬼神山川封禪與為多焉,軒轅之時
政治,鬼神:山川:封禪,,與為多-N,萬國和，而鬼神山川封禪與為多焉,軒轅之時
政治,黃帝,寶鼎,獲-N,黃帝從而征之，平者去之，披山通道，未嘗寧居。東至于海，登丸山，及岱宗。西至于空桐，登雞頭。南至于江，登熊、湘。北逐葷粥，合符釜山，而邑于涿鹿之阿。遷徙往來無常處，以師兵為營衞。官名皆以雲命，為雲師。置左右大監，監于萬國。萬國和，而鬼神山川封禪與為多焉。獲寶鼎,軒轅之時
遞進,黃帝獲寶鼎,黃帝迎日推筴,，-N,黃帝從而征之，平者去之，披山通道，未嘗寧居。東至于海，登丸山，及岱宗。西至于空桐，登雞頭。南至于江，登熊、湘。北逐葷粥，合符釜山，而邑于涿鹿之阿。遷徙往來無常處，以師兵為營衞。官名皆以雲命，為雲師。置左右大監，監于萬國。萬國和，而鬼神山川封禪與為多焉。獲寶鼎，迎日推筴,軒轅之時
政治,黃帝,,迎日推筴-N,黃帝從而征之，平者去之，披山通道，未嘗寧居。東至于海，登丸山，及岱宗。西至于空桐，登雞頭。南至于江，登熊、湘。北逐葷粥，合符釜山，而邑于涿鹿之阿。遷徙往來無常處，以師兵為營衞。官名皆以雲命，為雲師。置左右大監，監于萬國。萬國和，而鬼神山川封禪與為多焉。獲寶鼎，迎日推筴,軒轅之時
政治,黃帝,大鴻:常先:力牧:風后,舉-N,黃帝從而征之，平者去之，披山通道，未嘗寧居。東至于海，登丸山，及岱宗。西至于空桐，登雞頭。南至于江，登熊、湘。北逐葷粥，合符釜山，而邑于涿鹿之阿。遷徙往來無常處，以師兵為營衞。官名皆以雲命，為雲師。置左右大監，監于萬國。萬國和，而鬼神山川封禪與為多焉。獲寶鼎，迎日推筴。舉風后、力牧、常先、大鴻以治民,軒轅之時
事件屬性,黃帝舉大鴻:常先:力牧:風后,,以治民,黃帝從而征之，平者去之，披山通道，未嘗寧居。東至于海，登丸山，及岱宗。西至于空桐，登雞頭。南至于江，登熊、湘。北逐葷粥，合符釜山，而邑于涿鹿之阿。遷徙往來無常處，以師兵為營衞。官名皆以雲命，為雲師。置左右大監，監于萬國。萬國和，而鬼神山川封禪與為多焉。獲寶鼎，迎日推筴。舉風后、力牧、常先、大鴻以治民,軒轅之時
並列,黃帝舉大鴻:常先:力牧:風后,黃帝順天地之紀:幽明之占:死生之說:存亡之難,。-N,黃帝從而征之，平者去之，披山通道，未嘗寧居。東至于海，登丸山，及岱宗。西至于空桐，登雞頭。南至于江，登熊、湘。北逐葷粥，合符釜山，而邑于涿鹿之阿。遷徙往來無常處，以師兵為營衞。官名皆以雲命，為雲師。置左右大監，監于萬國。萬國和，而鬼神山川封禪與為多焉。獲寶鼎，迎日推筴。舉風后、力牧、常先、大鴻以治民。順天地之紀，幽明之占，死生之說，存亡之難,軒轅之時
政治,黃帝,天地之紀:幽明之占:死生之說:存亡之難,順-N,黃帝從而征之，平者去之，披山通道，未嘗寧居。東至于海，登丸山，及岱宗。西至于空桐，登雞頭。南至于江，登熊、湘。北逐葷粥，合符釜山，而邑于涿鹿之阿。遷徙往來無常處，以師兵為營衞。官名皆以雲命，為雲師。置左右大監，監于萬國。萬國和，而鬼神山川封禪與為多焉。獲寶鼎，迎日推筴。舉風后、力牧、常先、大鴻以治民。順天地之紀，幽明之占，死生之說，存亡之難,軒轅之時
並列,黃帝順天地之紀:幽明之占:死生之說:存亡之難,黃帝時播百穀草木,。-N,黃帝從而征之，平者去之，披山通道，未嘗寧居。東至于海，登丸山，及岱宗。西至于空桐，登雞頭。南至于江，登熊、湘。北逐葷粥，合符釜山，而邑于涿鹿之阿。遷徙往來無常處，以師兵為營衞。官名皆以雲命，為雲師。置左右大監，監于萬國。萬國和，而鬼神山川封禪與為多焉。獲寶鼎，迎日推筴。舉風后、力牧、常先、大鴻以治民。順天地之紀，幽明之占，死生之說，存亡之難。時播百穀草木,軒轅之時
政治,黃帝,百穀草木,時播-N,黃帝從而征之，平者去之，披山通道，未嘗寧居。東至于海，登丸山，及岱宗。西至于空桐，登雞頭。南至于江，登熊、湘。北逐葷粥，合符釜山，而邑于涿鹿之阿。遷徙往來無常處，以師兵為營衞。官名皆以雲命，為雲師。置左右大監，監于萬國。萬國和，而鬼神山川封禪與為多焉。獲寶鼎，迎日推筴。舉風后、力牧、常先、大鴻以治民。順天地之紀，幽明之占，死生之說，存亡之難。時播百穀草木,軒轅之時
並列,黃帝時播百穀草木,黃帝淳化鳥獸蟲蛾,，-N,黃帝從而征之，平者去之，披山通道，未嘗寧居。東至于海，登丸山，及岱宗。西至于空桐，登雞頭。南至于江，登熊、湘。北逐葷粥，合符釜山，而邑于涿鹿之阿。遷徙往來無常處，以師兵為營衞。官名皆以雲命，為雲師。置左右大監，監于萬國。萬國和，而鬼神山川封禪與為多焉。獲寶鼎，迎日推筴。舉風后、力牧、常先、大鴻以治民。順天地之紀，幽明之占，死生之說，存亡之難。時播百穀草木，淳化鳥獸蟲蛾,軒轅之時
政治,黃帝,鳥獸蟲蛾,淳化-N,黃帝從而征之，平者去之，披山通道，未嘗寧居。東至于海，登丸山，及岱宗。西至于空桐，登雞頭。南至于江，登熊、湘。北逐葷粥，合符釜山，而邑于涿鹿之阿。遷徙往來無常處，以師兵為營衞。官名皆以雲命，為雲師。置左右大監，監于萬國。萬國和，而鬼神山川封禪與為多焉。獲寶鼎，迎日推筴。舉風后、力牧、常先、大鴻以治民。順天地之紀，幽明之占，死生之說，存亡之難。時播百穀草木，淳化鳥獸蟲蛾,軒轅之時
並列,黃帝淳化鳥獸蟲蛾,黃帝旁羅日月:星辰:水波:土石:金玉,，-N,黃帝從而征之，平者去之，披山通道，未嘗寧居。東至于海，登丸山，及岱宗。西至于空桐，登雞頭。南至于江，登熊、湘。北逐葷粥，合符釜山，而邑于涿鹿之阿。遷徙往來無常處，以師兵為營衞。官名皆以雲命，為雲師。置左右大監，監于萬國。萬國和，而鬼神山川封禪與為多焉。獲寶鼎，迎日推筴。舉風后、力牧、常先、大鴻以治民。順天地之紀，幽明之占，死生之說，存亡之難。時播百穀草木，淳化鳥獸蟲蛾，旁羅日月星辰水波土石金玉,軒轅之時
政治,黃帝,日月:星辰:水波:土石:金玉,旁羅-N,黃帝從而征之，平者去之，披山通道，未嘗寧居。東至于海，登丸山，及岱宗。西至于空桐，登雞頭。南至于江，登熊、湘。北逐葷粥，合符釜山，而邑于涿鹿之阿。遷徙往來無常處，以師兵為營衞。官名皆以雲命，為雲師。置左右大監，監于萬國。萬國和，而鬼神山川封禪與為多焉。獲寶鼎，迎日推筴。舉風后、力牧、常先、大鴻以治民。順天地之紀，幽明之占，死生之說，存亡之難。時播百穀草木，淳化鳥獸蟲蛾，旁羅日月星辰水波土石金玉,軒轅之時
並列,黃帝旁羅日月:星辰:水波:土石:金玉,黃帝勞勤心力耳目,，-N,黃帝從而征之，平者去之，披山通道，未嘗寧居。東至于海，登丸山，及岱宗。西至于空桐，登雞頭。南至于江，登熊、湘。北逐葷粥，合符釜山，而邑于涿鹿之阿。遷徙往來無常處，以師兵為營衞。官名皆以雲命，為雲師。置左右大監，監于萬國。萬國和，而鬼神山川封禪與為多焉。獲寶鼎，迎日推筴。舉風后、力牧、常先、大鴻以治民。順天地之紀，幽明之占，死生之說，存亡之難。時播百穀草木，淳化鳥獸蟲蛾，旁羅日月星辰水波土石金玉，勞勤心力耳目,軒轅之時
政治,黃帝,心力耳目,勞勤-N,黃帝從而征之，平者去之，披山通道，未嘗寧居。東至于海，登丸山，及岱宗。西至于空桐，登雞頭。南至于江，登熊、湘。北逐葷粥，合符釜山，而邑于涿鹿之阿。遷徙往來無常處，以師兵為營衞。官名皆以雲命，為雲師。置左右大監，監于萬國。萬國和，而鬼神山川封禪與為多焉。獲寶鼎，迎日推筴。舉風后、力牧、常先、大鴻以治民。順天地之紀，幽明之占，死生之說，存亡之難。時播百穀草木，淳化鳥獸蟲蛾，旁羅日月星辰水波土石金玉，勞勤心力耳目,軒轅之時
並列,黃帝勞勤心力耳目,黃帝節用水火材物,，-N,黃帝從而征之，平者去之，披山通道，未嘗寧居。東至于海，登丸山，及岱宗。西至于空桐，登雞頭。南至于江，登熊、湘。北逐葷粥，合符釜山，而邑于涿鹿之阿。遷徙往來無常處，以師兵為營衞。官名皆以雲命，為雲師。置左右大監，監于萬國。萬國和，而鬼神山川封禪與為多焉。獲寶鼎，迎日推筴。舉風后、力牧、常先、大鴻以治民。順天地之紀，幽明之占，死生之說，存亡之難。時播百穀草木，淳化鳥獸蟲蛾，旁羅日月星辰水波土石金玉，勞勤心力耳目，節用水火材物,
政治,黃帝,水火材物,節用-N,黃帝從而征之，平者去之，披山通道，未嘗寧居。東至于海，登丸山，及岱宗。西至于空桐，登雞頭。南至于江，登熊、湘。北逐葷粥，合符釜山，而邑于涿鹿之阿。遷徙往來無常處，以師兵為營衞。官名皆以雲命，為雲師。置左右大監，監于萬國。萬國和，而鬼神山川封禪與為多焉。獲寶鼎，迎日推筴。舉風后、力牧、常先、大鴻以治民。順天地之紀，幽明之占，死生之說，存亡之難。時播百穀草木，淳化鳥獸蟲蛾，旁羅日月星辰水波土石金玉，勞勤心力耳目，節用水火材物,
屬性,黃帝二十五子,得姓者十四人,其-N,黃帝從而征之，平者去之，披山通道，未嘗寧居。東至于海，登丸山，及岱宗。西至于空桐，登雞頭。南至于江，登熊、湘。北逐葷粥，合符釜山，而邑于涿鹿之阿。遷徙往來無常處，以師兵為營衞。官名皆以雲命，為雲師。置左右大監，監于萬國。萬國和，而鬼神山川封禪與為多焉。獲寶鼎，迎日推筴。舉風后、力牧、常先、大鴻以治民。順天地之紀，幽明之占，死生之說，存亡之難。時播百穀草木，淳化鳥獸蟲蛾，旁羅日月星辰水波土石金玉，勞勤心力耳目，節用水火材物,
政治,黃帝,土德之瑞,有-N,黃帝從而征之，平者去之，披山通道，未嘗寧居。東至于海，登丸山，及岱宗。西至于空桐，登雞頭。南至于江，登熊、湘。北逐葷粥，合符釜山，而邑于涿鹿之阿。遷徙往來無常處，以師兵為營衞。官名皆以雲命，為雲師。置左右大監，監于萬國。萬國和，而鬼神山川封禪與為多焉。獲寶鼎，迎日推筴。舉風后、力牧、常先、大鴻以治民。順天地之紀，幽明之占，死生之說，存亡之難。時播百穀草木，淳化鳥獸蟲蛾，旁羅日月星辰水波土石金玉，勞勤心力耳目，節用水火材物。有土德之瑞，故號黃帝,軒轅之時
事件屬性,黃帝有土德之瑞,,故號黃帝,黃帝從而征之，平者去之，披山通道，未嘗寧居。東至于海，登丸山，及岱宗。西至于空桐，登雞頭。南至于江，登熊、湘。北逐葷粥，合符釜山，而邑于涿鹿之阿。遷徙往來無常處，以師兵為營衞。官名皆以雲命，為雲師。置左右大監，監于萬國。萬國和，而鬼神山川封禪與為多焉。獲寶鼎，迎日推筴。舉風后、力牧、常先、大鴻以治民。順天地之紀，幽明之占，死生之說，存亡之難。時播百穀草木，淳化鳥獸蟲蛾，旁羅日月星辰水波土石金玉，勞勤心力耳目，節用水火材物。有土德之瑞，故號黃帝,
空間,黃帝,軒轅之丘,居-L,黃帝居軒轅之丘,軒轅之時
遞進,黃帝居軒轅之丘,黃帝娶於西陵之女,，而-N,黃帝居軒轅之丘，而娶於西陵之女,軒轅之時
社交,黃帝,西陵之女,娶於-N,黃帝居軒轅之丘，而娶於西陵之女,軒轅之時
屬性,西陵之女,嫘祖,是為-N,而娶於西陵之女，是為嫘祖,軒轅之時
屬性,嫘祖,黃帝正妃,為-N,嫘祖為黃帝正妃,軒轅之時
遞進,黃帝娶於西陵之女,嫘祖生二子,，-N,黃帝居軒轅之丘，而娶於西陵之女，是為嫘祖。嫘祖為黃帝正妃，生二子,軒轅之時
生命,嫘祖,二子,生-N,嫘祖為黃帝正妃，生二子,軒轅之時
屬性,二子,後皆有天下,其-N,嫘祖為黃帝正妃，生二子，其後皆有天下,軒轅之時
生命,嫘祖,玄囂:昌意,生-N,嫘祖為黃帝正妃，生二子，其後皆有天下：其一曰玄囂，是為青陽，青陽降居江水；其二曰昌意,軒轅之時
屬性,玄囂,青陽,為-N,其一曰玄囂，是為青陽,軒轅之時
空間,青陽,江水,降居-L,青陽降居江水,軒轅之時
空間,昌意,若水,降居-L,其二曰昌意，降居若水,軒轅之時
社交,昌意,蜀山氏女,娶-N,昌意娶蜀山氏女,軒轅之時
屬性,蜀山氏女,昌僕,曰-N,昌意娶蜀山氏女，曰昌僕,軒轅之時
遞進,昌意娶蜀山氏女,昌僕生高陽,，-N,曰昌僕，生高陽,軒轅之時
生命,昌僕,高陽,生-N,曰昌僕，生高陽,軒轅之時
屬性,高陽,聖悳,有-N,高陽有聖悳焉,軒轅之時
生命,黃帝,,崩-N,黃帝崩,軒轅之時
遞進,黃帝崩,黃帝葬橋山,，-N,黃帝崩，葬橋山,軒轅之時
空間,黃帝,橋山,葬-L,黃帝崩，葬橋山,軒轅之時
遞進,黃帝葬橋山,高陽立,。-N,黃帝崩，葬橋山。其孫昌意之子高陽立,軒轅之時
政治,高陽,,立-N,高陽立,軒轅之時
屬性,高陽,帝顓頊,是為-N,高陽立，是為帝顓頊也,軒轅之時
生命,昌意,帝顓頊,子-N,帝顓頊高陽者，黃帝之孫而昌意之子也,帝顓頊
生命,黃帝,帝顓頊,孫-N,帝顓頊高陽者，黃帝之孫而昌意之子也,帝顓頊
屬性,帝顓頊,有謀:靜淵,以-N,帝顓頊高陽者，黃帝之孫而昌意之子也。靜淵以有謀,帝顓頊
屬性,帝顓頊,知事:疏通,而-N,帝顓頊高陽者，黃帝之孫而昌意之子也。靜淵以有謀，疏通而知事,帝顓頊
政治,帝顓頊,材,養-N,帝顓頊高陽者，黃帝之孫而昌意之子也。靜淵以有謀，疏通而知事；養材以任地,帝顓頊
遞進,帝顓頊養材,帝顓頊任地,以-N,帝顓頊高陽者，黃帝之孫而昌意之子也。靜淵以有謀，疏通而知事；養材以任地,帝顓頊
政治,帝顓頊,地,任-N,帝顓頊高陽者，黃帝之孫而昌意之子也。靜淵以有謀，疏通而知事；養材以任地,帝顓頊
並列,帝顓頊任地,帝顓頊載時,，-N,帝顓頊高陽者，黃帝之孫而昌意之子也。靜淵以有謀，疏通而知事；養材以任地，載時以象天,帝顓頊
政治,帝顓頊,時,載-N,帝顓頊高陽者，黃帝之孫而昌意之子也。靜淵以有謀，疏通而知事；養材以任地，載時以象天,帝顓頊
遞進,帝顓頊載時,帝顓頊象天,以-N,帝顓頊高陽者，黃帝之孫而昌意之子也。靜淵以有謀，疏通而知事；養材以任地，載時以象天,帝顓頊
政治,帝顓頊,天,象-N,帝顓頊高陽者，黃帝之孫而昌意之子也。靜淵以有謀，疏通而知事；養材以任地，載時以象天,帝顓頊
並列,帝顓頊象天,帝顓頊依鬼神,，-N,帝顓頊高陽者，黃帝之孫而昌意之子也。靜淵以有謀，疏通而知事；養材以任地，載時以象天，依鬼神以制義,帝顓頊
政治,帝顓頊,鬼神,依-N,帝顓頊高陽者，黃帝之孫而昌意之子也。靜淵以有謀，疏通而知事；養材以任地，載時以象天，依鬼神以制義,帝顓頊
遞進,帝顓頊依鬼神,帝顓頊制義,以-N,帝顓頊高陽者，黃帝之孫而昌意之子也。靜淵以有謀，疏通而知事；養材以任地，載時以象天，依鬼神以制義,帝顓頊
政治,帝顓頊,義,制-N,帝顓頊高陽者，黃帝之孫而昌意之子也。靜淵以有謀，疏通而知事；養材以任地，載時以象天，依鬼神以制義,帝顓頊
並列,帝顓頊制義,帝顓頊治氣,，-N,帝顓頊高陽者，黃帝之孫而昌意之子也。靜淵以有謀，疏通而知事；養材以任地，載時以象天，依鬼神以制義，治氣以教化,帝顓頊
政治,帝顓頊,氣,治-N,帝顓頊高陽者，黃帝之孫而昌意之子也。靜淵以有謀，疏通而知事；養材以任地，載時以象天，依鬼神以制義，治氣以教化,帝顓頊
遞進,帝顓頊治氣,帝顓頊教化,以-N,帝顓頊高陽者，黃帝之孫而昌意之子也。靜淵以有謀，疏通而知事；養材以任地，載時以象天，依鬼神以制義，治氣以教化,帝顓頊
政治,帝顓頊,,教化-N,帝顓頊高陽者，黃帝之孫而昌意之子也。靜淵以有謀，疏通而知事；養材以任地，載時以象天，依鬼神以制義，治氣以教化,帝顓頊
並列,帝顓頊教化,帝顓頊絜誠,，-N,帝顓頊高陽者，黃帝之孫而昌意之子也。靜淵以有謀，疏通而知事；養材以任地，載時以象天，依鬼神以制義，治氣以教化，絜誠以祭祀,帝顓頊
政治,帝顓頊,誠,絜-N,帝顓頊高陽者，黃帝之孫而昌意之子也。靜淵以有謀，疏通而知事；養材以任地，載時以象天，依鬼神以制義，治氣以教化，絜誠以祭祀,帝顓頊
遞進,帝顓頊絜誠,帝顓頊祭祀,以-N,帝顓頊高陽者，黃帝之孫而昌意之子也。靜淵以有謀，疏通而知事；養材以任地，載時以象天，依鬼神以制義，治氣以教化，絜誠以祭祀,帝顓頊
政治,帝顓頊,,祭祀-N,帝顓頊高陽者，黃帝之孫而昌意之子也。靜淵以有謀，疏通而知事；養材以任地，載時以象天，依鬼神以制義，治氣以教化，絜誠以祭祀,帝顓頊
遞進,帝顓頊祭祀,帝顓頊北至于幽陵,。-N,帝顓頊高陽者，黃帝之孫而昌意之子也。靜淵以有謀，疏通而知事；養材以任地，載時以象天，依鬼神以制義，治氣以教化，絜誠以祭祀。北至于幽陵,帝顓頊
空間,帝顓頊,幽陵,北至于-L,帝顓頊高陽者，黃帝之孫而昌意之子也。靜淵以有謀，疏通而知事；養材以任地，載時以象天，依鬼神以制義，治氣以教化，絜誠以祭祀。北至于幽陵,帝顓頊
遞進,帝顓頊北至于幽陵,帝顓頊南至于交阯,，-N,帝顓頊高陽者，黃帝之孫而昌意之子也。靜淵以有謀，疏通而知事；養材以任地，載時以象天，依鬼神以制義，治氣以教化，絜誠以祭祀。北至于幽陵，南至于交阯,帝顓頊
空間,帝顓頊,交阯,南至于-L,帝顓頊高陽者，黃帝之孫而昌意之子也。靜淵以有謀，疏通而知事；養材以任地，載時以象天，依鬼神以制義，治氣以教化，絜誠以祭祀。北至于幽陵，南至于交阯,帝顓頊
遞進,帝顓頊南至于交阯,帝顓頊西至于流沙,，-N,帝顓頊高陽者，黃帝之孫而昌意之子也。靜淵以有謀，疏通而知事；養材以任地，載時以象天，依鬼神以制義，治氣以教化，絜誠以祭祀。北至于幽陵，南至于交阯，西至于流沙,帝顓頊
空間,帝顓頊,流沙,西至于-L,帝顓頊高陽者，黃帝之孫而昌意之子也。靜淵以有謀，疏通而知事；養材以任地，載時以象天，依鬼神以制義，治氣以教化，絜誠以祭祀。北至于幽陵，南至于交阯，西至于流沙,帝顓頊
遞進,帝顓頊西至于流沙,帝顓頊東至于蟠木,，-N,帝顓頊高陽者，黃帝之孫而昌意之子也。靜淵以有謀，疏通而知事；養材以任地，載時以象天，依鬼神以制義，治氣以教化，絜誠以祭祀。北至于幽陵，南至于交阯，西至于流沙，東至于蟠木,帝顓頊
空間,帝顓頊,蟠木,東至于-L,帝顓頊高陽者，黃帝之孫而昌意之子也。靜淵以有謀，疏通而知事；養材以任地，載時以象天，依鬼神以制義，治氣以教化，絜誠以祭祀。北至于幽陵，南至于交阯，西至于流沙，東至于蟠木,帝顓頊
遞進,帝顓頊東至于蟠木,動靜之物:大小之神:日月所照莫不砥屬帝顓頊,,帝顓頊高陽者，黃帝之孫而昌意之子也。靜淵以有謀，疏通而知事；養材以任地，載時以象天，依鬼神以制義，治氣以教化，絜誠以祭祀。北至于幽陵，南至于交阯，西至于流沙，東至于蟠木。動靜之物，大小之神，日月所照，莫不砥屬,
政治,動靜之物:大小之神:日月所照,帝顓頊,莫不砥屬-N,帝顓頊高陽者，黃帝之孫而昌意之子也。靜淵以有謀，疏通而知事；養材以任地，載時以象天，依鬼神以制義，治氣以教化，絜誠以祭祀。北至于幽陵，南至于交阯，西至于流沙，東至于蟠木。動靜之物，大小之神，日月所照，莫不砥屬,
生命,帝顓頊,窮蟬,生-N,帝顓頊生子曰窮蟬,帝顓頊
生命,顓頊,,崩-N,顓頊崩,帝顓頊
遞進,顓頊崩,高辛立,，而-N,顓頊崩，而玄囂之孫高辛立,帝顓頊
生命,玄囂,高辛,孫-N,而玄囂之孫高辛立,帝顓頊
政治,高辛,,立-N,高辛立,帝顓頊
屬性,高辛,帝嚳,是為-N,高辛立，是為帝嚳,帝顓頊
生命,高辛,黃帝,曾孫-N,高辛者，黃帝之曾孫也,
生命,高辛,蟜極,父-N,高辛父曰蟜極,帝嚳
生命,蟜極,玄囂,父-N,蟜極父曰玄囂,帝嚳
生命,玄囂,黃帝,父-N,玄囂父曰黃帝,帝嚳
社交,顓頊,高辛,族子-N,高辛於顓頊為族子,帝嚳
屬性,高辛,生而神靈:自言其名:普施利物:不於其身,高辛-N,高辛生而神靈，自言其名。普施利物，不於其身,帝嚳
屬性,高辛,知遠,聰以-N,高辛生而神靈，自言其名。普施利物，不於其身。聰以知遠,帝嚳
屬性,高辛,察微,明以-N,高辛生而神靈，自言其名。普施利物，不於其身。聰以知遠，明以察微,帝嚳
政治,高辛,天之義,順-N,高辛生而神靈，自言其名。普施利物，不於其身。聰以知遠，明以察微。順天之義,帝嚳
並列,高辛順天之義,高辛知民之急,，-N,高辛生而神靈，自言其名。普施利物，不於其身。聰以知遠，明以察微。順天之義，知民之急,帝嚳
政治,高辛,民之急,知-N,高辛生而神靈，自言其名。普施利物，不於其身。聰以知遠，明以察微。順天之義，知民之急。仁,帝嚳
屬性,高辛,威:仁,而-N,高辛生而神靈，自言其名。普施利物，不於其身。聰以知遠，明以察微。順天之義，知民之急。仁而威,帝嚳
屬性,高辛,信:惠,而-N,高辛生而神靈，自言其名。普施利物，不於其身。聰以知遠，明以察微。順天之義，知民之急。仁而威，惠而信,帝嚳
並列,高辛知民之急,高辛脩身,，-N,高辛生而神靈，自言其名。普施利物，不於其身。聰以知遠，明以察微。順天之義，知民之急。仁而威，惠而信，脩身而天下服,帝嚳
政治,高辛,身,脩-N,高辛生而神靈，自言其名。普施利物，不於其身。聰以知遠，明以察微。順天之義，知民之急。仁而威，惠而信，脩身而天下服,帝嚳
遞進,高辛脩身,高辛服天下,而-N,高辛生而神靈，自言其名。普施利物，不於其身。聰以知遠，明以察微。順天之義，知民之急。仁而威，惠而信，脩身而天下服,帝嚳
政治,高辛,天下,服-N,高辛生而神靈，自言其名。普施利物，不於其身。聰以知遠，明以察微。順天之義，知民之急。仁而威，惠而信，脩身而天下服。取地之財而節用之,帝嚳
政治,高辛,地之財,取-N,高辛生而神靈，自言其名。普施利物，不於其身。聰以知遠，明以察微。順天之義，知民之急。仁而威，惠而信，脩身而天下服。取地之財而節用之,帝嚳
遞進,高辛取地之財,高辛節用地之財,而-N,高辛生而神靈，自言其名。普施利物，不於其身。聰以知遠，明以察微。順天之義，知民之急。仁而威，惠而信，脩身而天下服。取地之財而節用之,帝嚳
政治,高辛,地之財,節用-N,高辛生而神靈，自言其名。普施利物，不於其身。聰以知遠，明以察微。順天之義，知民之急。仁而威，惠而信，脩身而天下服。取地之財而節用之,帝嚳
並列,高辛節用地之財,高辛撫教萬民,，-N,高辛生而神靈，自言其名。普施利物，不於其身。聰以知遠，明以察微。順天之義，知民之急。仁而威，惠而信，脩身而天下服。取地之財而節用之，撫教萬民而利誨之,帝嚳
政治,高辛,萬民,撫教-N,高辛生而神靈，自言其名。普施利物，不於其身。聰以知遠，明以察微。順天之義，知民之急。仁而威，惠而信，脩身而天下服。取地之財而節用之，撫教萬民而利誨之,帝嚳
遞進,高辛撫教萬民,高辛利誨萬民,而-N,高辛生而神靈，自言其名。普施利物，不於其身。聰以知遠，明以察微。順天之義，知民之急。仁而威，惠而信，脩身而天下服。取地之財而節用之，撫教萬民而利誨之,帝嚳
政治,高辛,萬民,利誨-N,高辛生而神靈，自言其名。普施利物，不於其身。聰以知遠，明以察微。順天之義，知民之急。仁而威，惠而信，脩身而天下服。取地之財而節用之，撫教萬民而利誨之,帝嚳
並列,高辛利誨萬民,高辛曆日月,，-N,高辛生而神靈，自言其名。普施利物，不於其身。聰以知遠，明以察微。順天之義，知民之急。仁而威，惠而信，脩身而天下服。取地之財而節用之，撫教萬民而利誨之，曆日月而迎送之,帝嚳
政治,高辛,日月,曆-N,高辛生而神靈，自言其名。普施利物，不於其身。聰以知遠，明以察微。順天之義，知民之急。仁而威，惠而信，脩身而天下服。取地之財而節用之，撫教萬民而利誨之，曆日月而迎送之,帝嚳
遞進,高辛曆日月,高辛迎送日月,而-N,高辛生而神靈，自言其名。普施利物，不於其身。聰以知遠，明以察微。順天之義，知民之急。仁而威，惠而信，脩身而天下服。取地之財而節用之，撫教萬民而利誨之，曆日月而迎送之,帝嚳
政治,高辛,日月,迎送-N,高辛生而神靈，自言其名。普施利物，不於其身。聰以知遠，明以察微。順天之義，知民之急。仁而威，惠而信，脩身而天下服。取地之財而節用之，撫教萬民而利誨之，曆日月而迎送之,帝嚳
並列,高辛迎送日月,高辛明鬼神,之，-N,高辛生而神靈，自言其名。普施利物，不於其身。聰以知遠，明以察微。順天之義，知民之急。仁而威，惠而信，脩身而天下服。取地之財而節用之，撫教萬民而利誨之，曆日月而迎送之，明鬼神而敬事之,帝嚳
政治,高辛,鬼神,明-N,高辛生而神靈，自言其名。普施利物，不於其身。聰以知遠，明以察微。順天之義，知民之急。仁而威，惠而信，脩身而天下服。取地之財而節用之，撫教萬民而利誨之，曆日月而迎送之，明鬼神而敬事之,帝嚳
遞進,高辛明鬼神,高辛敬事鬼神,而-N,高辛生而神靈，自言其名。普施利物，不於其身。聰以知遠，明以察微。順天之義，知民之急。仁而威，惠而信，脩身而天下服。取地之財而節用之，撫教萬民而利誨之，曆日月而迎送之，明鬼神而敬事之,帝嚳
政治,高辛,鬼神,敬事-N,高辛生而神靈，自言其名。普施利物，不於其身。聰以知遠，明以察微。順天之義，知民之急。仁而威，惠而信，脩身而天下服。取地之財而節用之，撫教萬民而利誨之，曆日月而迎送之，明鬼神而敬事之,帝嚳
屬性,高辛,色郁郁,其-N,高辛生而神靈，自言其名。普施利物，不於其身。聰以知遠，明以察微。順天之義，知民之急。仁而威，惠而信，脩身而天下服。取地之財而節用之，撫教萬民而利誨之，曆日月而迎送之，明鬼神而敬事之。其色郁郁，其德嶷嶷,帝嚳
屬性,高辛,德嶷嶷,其-N,高辛生而神靈，自言其名。普施利物，不於其身。聰以知遠，明以察微。順天之義，知民之急。仁而威，惠而信，脩身而天下服。取地之財而節用之，撫教萬民而利誨之，曆日月而迎送之，明鬼神而敬事之。其色郁郁，其德嶷嶷,帝嚳
屬性,高辛,動也時,其-N,高辛生而神靈，自言其名。普施利物，不於其身。聰以知遠，明以察微。順天之義，知民之急。仁而威，惠而信，脩身而天下服。取地之財而節用之，撫教萬民而利誨之，曆日月而迎送之，明鬼神而敬事之。其色郁郁，其德嶷嶷。其動也時,帝嚳
屬性,高辛,服也士,其-N,高辛生而神靈，自言其名。普施利物，不於其身。聰以知遠，明以察微。順天之義，知民之急。仁而威，惠而信，脩身而天下服。取地之財而節用之，撫教萬民而利誨之，曆日月而迎送之，明鬼神而敬事之。其色郁郁，其德嶷嶷。其動也時，其服也士,帝嚳
政治,帝嚳,中,執-N,帝嚳溉執中而徧天下,帝嚳
並列,帝嚳執中,帝嚳徧天下,而-N,帝嚳溉執中而徧天下,帝嚳
政治,帝嚳,天下,徧-N,帝嚳溉執中而徧天下,帝嚳
遞進,帝嚳徧天下,日月所照:風雨所至從服帝嚳,，-N,帝嚳溉執中而徧天下，日月所照，風雨所至，莫不從服,帝嚳
政治,日月所照:風雨所至,帝嚳,從服-N,帝嚳溉執中而徧天下，日月所照，風雨所至，莫不從服,帝嚳
社交,帝嚳,陳鋒氏女,娶-N,帝嚳娶陳鋒氏女,帝嚳
遞進,帝嚳娶陳鋒氏女,帝嚳生放勳,，-N,帝嚳娶陳鋒氏女，生放勳,帝嚳
生命,帝嚳,放勳,生-N,帝嚳娶陳鋒氏女，生放勳,帝嚳
並列,帝嚳生放勳,帝嚳娶娵訾氏女,。-N,帝嚳娶陳鋒氏女，生放勳。娶娵訾氏女,帝嚳
社交,帝嚳,娵訾氏女,娶-N,帝嚳娶陳鋒氏女，生放勳。娶娵訾氏女,帝嚳
遞進,帝嚳娶娵訾氏女,帝嚳生摯,，-N,帝嚳娶陳鋒氏女，生放勳。娶娵訾氏女，生摯,帝嚳
生命,帝嚳,摯,生-N,帝嚳娶陳鋒氏女，生放勳。娶娵訾氏女，生摯,帝嚳
生命,帝嚳,,崩-N,帝嚳崩,帝摯
遞進,帝嚳崩,摯代立,，而-N,帝嚳崩，而摯代立,帝摯
政治,摯,,代立-N,摯代立,帝摯
政治,帝摯,,立-N,帝摯立,帝摯
生命,帝摯,,崩-N,帝摯立，不善崩,帝摯
事件屬性,帝摯崩,,不善,帝摯立，不善崩,帝摯
遞進,帝摯崩,放勳立,，而-N,帝摯立，不善崩，而弟放勳立,帝摯
生命,帝摯,放勳,弟-N,帝摯立，不善崩，而弟放勳立,帝摯
政治,放勳,,立-N,放勳立,帝摯
屬性,放勳,帝堯,是為-N,放勳立，是為帝堯,帝摯
屬性,放勳,帝堯,者-N,帝堯者，放勳,帝堯
屬性,堯,放勳,者-N,堯者，放勳,帝堯
屬性,放勳,仁如天,其-N,帝堯者，放勳。其仁如天,帝堯
屬性,放勳,知如神,其-N,放勳。其仁如天，其知如神,帝堯
屬性,帝堯,富:不驕,而-N,帝堯者，放勳。其仁如天，其知如神。就之如日，望之如雲。富而不驕,帝堯
屬性,帝堯,貴:不舒,而-N,帝堯者，放勳。其仁如天，其知如神。就之如日，望之如雲。富而不驕，貴而不舒,帝堯
屬性,帝堯,就之如日,者-N,帝堯者，放勳。其仁如天，其知如神。就之如日,帝堯
屬性,帝堯,望之如雲,者-N,帝堯者，放勳。其仁如天，其知如神。就之如日，望之如雲,帝堯
政治,帝堯,,黃收純衣-N,帝堯者，放勳。其仁如天，其知如神。就之如日，望之如雲。富而不驕，貴而不舒。黃收純衣,帝堯
並列,帝堯黃收純衣,帝堯彤車,，-N,帝堯者，放勳。其仁如天，其知如神。就之如日，望之如雲。富而不驕，貴而不舒。黃收純衣，彤車乘白馬,帝堯
政治,帝堯,,彤車-N,帝堯者，放勳。其仁如天，其知如神。就之如日，望之如雲。富而不驕，貴而不舒。黃收純衣，彤車乘白馬,帝堯
並列,帝堯黃收純衣,帝堯乘白馬,，-N,帝堯者，放勳。其仁如天，其知如神。就之如日，望之如雲。富而不驕，貴而不舒。黃收純衣，彤車乘白馬,帝堯
政治,帝堯,,乘白馬-N,帝堯者，放勳。其仁如天，其知如神。就之如日，望之如雲。富而不驕，貴而不舒。黃收純衣，彤車乘白馬,帝堯
政治,帝堯,馴德,能明-N,帝堯者，放勳。其仁如天，其知如神。就之如日，望之如雲。富而不驕，貴而不舒。黃收純衣，彤車乘白馬。能明馴德,帝堯
遞進,帝堯能明馴德,帝堯親九族,，以-N,帝堯者，放勳。其仁如天，其知如神。就之如日，望之如雲。富而不驕，貴而不舒。黃收純衣，彤車乘白馬。能明馴德，以親九族,帝堯
政治,帝堯,九族,親-N,帝堯者，放勳。其仁如天，其知如神。就之如日，望之如雲。富而不驕，貴而不舒。黃收純衣，彤車乘白馬。能明馴德，以親九族,帝堯
遞進,帝堯親九族,堯章百姓,。-N,帝堯者，放勳。其仁如天，其知如神。就之如日，望之如雲。富而不驕，貴而不舒。黃收純衣，彤車乘白馬。能明馴德，以親九族。九族既睦，便章百姓,帝堯
事件屬性,堯章百姓,,九族既睦,帝堯者，放勳。其仁如天，其知如神。就之如日，望之如雲。富而不驕，貴而不舒。黃收純衣，彤車乘白馬。能明馴德，以親九族。九族既睦，便章百姓,帝堯
政治,帝堯,百姓,章-N,帝堯者，放勳。其仁如天，其知如神。就之如日，望之如雲。富而不驕，貴而不舒。黃收純衣，彤車乘白馬。能明馴德，以親九族。九族既睦，便章百姓。百姓昭明，合和,帝堯
政治,帝堯,萬國,合和-N,帝堯者，放勳。其仁如天，其知如神。就之如日，望之如雲。富而不驕，貴而不舒。黃收純衣，彤車乘白馬。能明馴德，以親九族。九族既睦，便章百姓。百姓昭明，合和萬國,帝堯
事件屬性,帝堯合和萬國,,百姓昭明,帝堯者，放勳。其仁如天，其知如神。就之如日，望之如雲。富而不驕，貴而不舒。黃收純衣，彤車乘白馬。能明馴德，以親九族。九族既睦，便章百姓。百姓昭明，合和萬國,
並列,帝堯合和萬國,帝堯命羲:和,。乃-N,帝堯者，放勳。其仁如天，其知如神。就之如日，望之如雲。富而不驕，貴而不舒。黃收純衣，彤車乘白馬。能明馴德，以親九族。九族既睦，便章百姓。百姓昭明，合和萬國。乃命羲、和,帝堯
政治,帝堯,羲:和,命-N,帝堯者，放勳。其仁如天，其知如神。就之如日，望之如雲。富而不驕，貴而不舒。黃收純衣，彤車乘白馬。能明馴德，以親九族。九族既睦，便章百姓。百姓昭明，合和萬國。乃命羲、和,帝堯
遞進,帝堯命羲:和,羲:和敬順昊天,，-N,乃命羲、和，敬順昊天,帝堯
政治,羲:和,昊天,敬順-N,乃命羲、和，敬順昊天,帝堯
並列,羲:和敬順昊天,羲:和數法日月星辰,，-N,乃命羲、和，敬順昊天，數法日月星辰,帝堯
政治,羲:和,日月星辰,數法-N,乃命羲、和，敬順昊天，數法日月星辰,帝堯
並列,羲:和數法日月星辰,羲:和敬授民時,，-N,乃命羲、和，敬順昊天，數法日月星辰，敬授民時,帝堯
政治,羲:和,民時,敬授-N,乃命羲、和，敬順昊天，數法日月星辰，敬授民時,帝堯
並列,帝堯命羲:和,帝堯命羲仲,。分-N,帝堯者，放勳。其仁如天，其知如神。就之如日，望之如雲。富而不驕，貴而不舒。黃收純衣，彤車乘白馬。能明馴德，以親九族。九族既睦，便章百姓。百姓昭明，合和萬國。乃命羲、和，敬順昊天，數法日月星辰，敬授民時。分命羲仲,帝堯
政治,帝堯,羲仲,命-N,帝堯者，放勳。其仁如天，其知如神。就之如日，望之如雲。富而不驕，貴而不舒。黃收純衣，彤車乘白馬。能明馴德，以親九族。九族既睦，便章百姓。百姓昭明，合和萬國。乃命羲、和，敬順昊天，數法日月星辰，敬授民時。分命羲仲，居,帝堯
遞進,帝堯命羲仲,羲仲居郁夷,，-N,帝堯者，放勳。其仁如天，其知如神。就之如日，望之如雲。富而不驕，貴而不舒。黃收純衣，彤車乘白馬。能明馴德，以親九族。九族既睦，便章百姓。百姓昭明，合和萬國。乃命羲、和，敬順昊天，數法日月星辰，敬授民時。分命羲仲，居郁夷,帝堯
空間,羲仲,郁夷,居-L,分命羲仲，居郁夷,帝堯
屬性,郁夷,暘谷,曰-L,居郁夷，曰暘谷,帝堯
遞進,羲仲居郁夷,羲仲敬道日出,。-N,分命羲仲，居郁夷，曰暘谷。敬道日出,帝堯
政治,羲仲,日出,敬道-N,分命羲仲，居郁夷，曰暘谷。敬道日出,帝堯
並列,羲仲敬道日出,羲仲便程東作,，-N,分命羲仲，居郁夷，曰暘谷。敬道日出，便程東作,帝堯
政治,羲仲,東作,便程-N,分命羲仲，居郁夷，曰暘谷。敬道日出，便程東作,帝堯
遞進,羲仲便程東作,羲仲日中,。-N,分命羲仲，居郁夷，曰暘谷。敬道日出，便程東作。日中,帝堯
政治,羲仲,中,日-N,分命羲仲，居郁夷，曰暘谷。敬道日出，便程東作。日中,帝堯
並列,羲仲日中,羲仲星鳥,，-N,分命羲仲，居郁夷，曰暘谷。敬道日出，便程東作。日中，星鳥,帝堯
政治,羲仲,鳥,星-N,分命羲仲，居郁夷，曰暘谷。敬道日出，便程東作。日中，星鳥,帝堯
遞進,羲仲星鳥,羲仲殷中春,，以-N,分命羲仲，居郁夷，曰暘谷。敬道日出，便程東作。日中，星鳥，以殷中春,帝堯
政治,羲仲,中春,殷-N,分命羲仲，居郁夷，曰暘谷。敬道日出，便程東作。日中，星鳥，以殷中春,帝堯
屬性,郁夷,民析:鳥獸字微,其-N,分命羲仲，居郁夷，曰暘谷。敬道日出，便程東作。日中，星鳥，以殷中春。其民析，鳥獸字微,帝堯
並列,帝堯命羲仲,帝堯申命羲叔,。-N,帝堯者，放勳。其仁如天，其知如神。就之如日，望之如雲。富而不驕，貴而不舒。黃收純衣，彤車乘白馬。能明馴德，以親九族。九族既睦，便章百姓。百姓昭明，合和萬國。乃命羲、和，敬順昊天，數法日月星辰，敬授民時。分命羲仲，居郁夷，曰暘谷。敬道日出，便程東作。日中，星鳥，以殷中春。其民析，鳥獸字微。申命羲叔,帝堯
政治,帝堯,羲叔,申命-N,帝堯者，放勳。其仁如天，其知如神。就之如日，望之如雲。富而不驕，貴而不舒。黃收純衣，彤車乘白馬。能明馴德，以親九族。九族既睦，便章百姓。百姓昭明，合和萬國。乃命羲、和，敬順昊天，數法日月星辰，敬授民時。分命羲仲，居郁夷，曰暘谷。敬道日出，便程東作。日中，星鳥，以殷中春。其民析，鳥獸字微。申命羲叔,帝堯
遞進,帝堯申命羲叔,羲叔居南交,，-N,帝堯者，放勳。其仁如天，其知如神。就之如日，望之如雲。富而不驕，貴而不舒。黃收純衣，彤車乘白馬。能明馴德，以親九族。九族既睦，便章百姓。百姓昭明，合和萬國。乃命羲、和，敬順昊天，數法日月星辰，敬授民時。分命羲仲，居郁夷，曰暘谷。敬道日出，便程東作。日中，星鳥，以殷中春。其民析，鳥獸字微。申命羲叔，居南交,帝堯
空間,羲叔,南交,居-L,申命羲叔，居南交,帝堯
遞進,羲叔居南交,羲叔便程南為,。-N,申命羲叔，居南交。便程南為,帝堯
政治,羲叔,南為,便程-N,申命羲叔，居南交。便程南為,帝堯
事件屬性,羲叔便程南為,,敬致,申命羲叔，居南交。便程南為，敬致,
遞進,羲叔便程南為,羲叔日永,。-N,申命羲叔，居南交。便程南為，敬致。日永,帝堯
政治,羲叔,永,日-N,申命羲叔，居南交。便程南為，敬致。日永,帝堯
並列,羲叔日永,羲叔星火,，-N,申命羲叔，居南交。便程南為，敬致。日永，星火,帝堯
政治,羲叔,火,星-N,申命羲叔，居南交。便程南為，敬致。日永，星火,帝堯
遞進,羲叔星火,羲叔正中夏,，以-N,申命羲叔，居南交。便程南為，敬致。日永，星火，以正中夏,帝堯
政治,羲叔,中夏,正-N,申命羲叔，居南交。便程南為，敬致。日永，星火，以正中夏,帝堯
屬性,南交,民因:鳥獸希革,其-N,申命羲叔，居南交。便程南為，敬致。日永，星火，以正中夏。其民因，鳥獸希革,帝堯
並列,帝堯命羲叔,帝堯申命和仲,。-N,帝堯者，放勳。其仁如天，其知如神。就之如日，望之如雲。富而不驕，貴而不舒。黃收純衣，彤車乘白馬。能明馴德，以親九族。九族既睦，便章百姓。百姓昭明，合和萬國。乃命羲、和，敬順昊天，數法日月星辰，敬授民時。分命羲仲，居郁夷，曰暘谷。敬道日出，便程東作。日中，星鳥，以殷中春。其民析，鳥獸字微。申命羲叔，居南交。便程南為，敬致。日永，星火，以正中夏。其民因，鳥獸希革。申命和仲,帝堯
政治,帝堯,和仲,申命-N,帝堯者，放勳。其仁如天，其知如神。就之如日，望之如雲。富而不驕，貴而不舒。黃收純衣，彤車乘白馬。能明馴德，以親九族。九族既睦，便章百姓。百姓昭明，合和萬國。乃命羲、和，敬順昊天，數法日月星辰，敬授民時。分命羲仲，居郁夷，曰暘谷。敬道日出，便程東作。日中，星鳥，以殷中春。其民析，鳥獸字微。申命羲叔，居南交。便程南為，敬致。日永，星火，以正中夏。其民因，鳥獸希革。申命和仲,帝堯
遞進,帝堯申命和仲,和仲居西土,，-N,帝堯者，放勳。其仁如天，其知如神。就之如日，望之如雲。富而不驕，貴而不舒。黃收純衣，彤車乘白馬。能明馴德，以親九族。九族既睦，便章百姓。百姓昭明，合和萬國。乃命羲、和，敬順昊天，數法日月星辰，敬授民時。分命羲仲，居郁夷，曰暘谷。敬道日出，便程東作。日中，星鳥，以殷中春。其民析，鳥獸字微。申命羲叔，居南交。便程南為，敬致。日永，星火，以正中夏。其民因，鳥獸希革。申命和仲，居西土,帝堯
空間,和仲,西土,居-L,申命和仲，居西土,帝堯
屬性,西土,昧谷,曰-L,申命和仲，居西土，曰昧谷,帝堯
遞進,和仲居西土,和仲敬道日入,。-N,申命和仲，居西土，曰昧谷。敬道日入,帝堯
政治,和仲,日入,敬道-N,申命和仲，居西土，曰昧谷。敬道日入,帝堯
並列,和仲敬道日入,和仲便程西成,，-N,申命和仲，居西土，曰昧谷。敬道日入，便程西成,帝堯
政治,和仲,西成,便程-N,申命和仲，居西土，曰昧谷。敬道日入，便程西成,帝堯
遞進,和仲便程西成,和仲夜中,。-N,申命和仲，居西土，曰昧谷。敬道日入，便程西成。夜中,帝堯
政治,和仲,中,夜-N,申命和仲，居西土，曰昧谷。敬道日入，便程西成。夜中,帝堯
並列,和仲夜中,和仲星虛,，-N,申命和仲，居西土，曰昧谷。敬道日入，便程西成。夜中，星虛,帝堯
政治,和仲,虛,星-N,申命和仲，居西土，曰昧谷。敬道日入，便程西成。夜中，星虛,帝堯
遞進,和仲星虛,和仲正中秋,，以-N,申命和仲，居西土，曰昧谷。敬道日入，便程西成。夜中，星虛，以正中秋,帝堯
政治,和仲,中秋,正-N,申命和仲，居西土，曰昧谷。敬道日入，便程西成。夜中，星虛，以正中秋,帝堯
屬性,西土,民夷易:鳥獸毛毨,其-N,申命和仲，居西土，曰昧谷。敬道日入，便程西成。夜中，星虛，以正中秋。其民夷易，鳥獸毛毨,帝堯
並列,帝堯命和仲,帝堯申命和叔,。-N,帝堯者，放勳。其仁如天，其知如神。就之如日，望之如雲。富而不驕，貴而不舒。黃收純衣，彤車乘白馬。能明馴德，以親九族。九族既睦，便章百姓。百姓昭明，合和萬國。乃命羲、和，敬順昊天，數法日月星辰，敬授民時。分命羲仲，居郁夷，曰暘谷。敬道日出，便程東作。日中，星鳥，以殷中春。其民析，鳥獸字微。申命羲叔，居南交。便程南為，敬致。日永，星火，以正中夏。其民因，鳥獸希革。申命和仲，居西土，曰昧谷。敬道日入，便程西成。夜中，星虛，以正中秋。其民夷易，鳥獸毛毨。申命和叔,帝堯
政治,帝堯,和叔,申命-N,帝堯者，放勳。其仁如天，其知如神。就之如日，望之如雲。富而不驕，貴而不舒。黃收純衣，彤車乘白馬。能明馴德，以親九族。九族既睦，便章百姓。百姓昭明，合和萬國。乃命羲、和，敬順昊天，數法日月星辰，敬授民時。分命羲仲，居郁夷，曰暘谷。敬道日出，便程東作。日中，星鳥，以殷中春。其民析，鳥獸字微。申命羲叔，居南交。便程南為，敬致。日永，星火，以正中夏。其民因，鳥獸希革。申命和仲，居西土，曰昧谷。敬道日入，便程西成。夜中，星虛，以正中秋。其民夷易，鳥獸毛毨。申命和叔；居,帝堯
遞進,帝堯申命和叔,和叔居北方,；-N,帝堯者，放勳。其仁如天，其知如神。就之如日，望之如雲。富而不驕，貴而不舒。黃收純衣，彤車乘白馬。能明馴德，以親九族。九族既睦，便章百姓。百姓昭明，合和萬國。乃命羲、和，敬順昊天，數法日月星辰，敬授民時。分命羲仲，居郁夷，曰暘谷。敬道日出，便程東作。日中，星鳥，以殷中春。其民析，鳥獸字微。申命羲叔，居南交。便程南為，敬致。日永，星火，以正中夏。其民因，鳥獸希革。申命和仲，居西土，曰昧谷。敬道日入，便程西成。夜中，星虛，以正中秋。其民夷易，鳥獸毛毨。申命和叔；居北方,帝堯
空間,和叔,北方,居-L,申命和叔；居北方,帝堯
屬性,北方,幽都,曰-L,申命和叔；居北方，曰幽都,帝堯
遞進,和叔居北方,和叔便在伏物,。-N,申命和叔；居北方，曰幽都。便在伏物,帝堯
政治,和叔,伏物,便在-N,申命和叔；居北方，曰幽都。便在伏物,帝堯
遞進,和叔便在伏物,和叔日短,。-N,申命和叔；居北方，曰幽都。便在伏物。日短,帝堯
政治,和叔,短,日-N,申命和叔；居北方，曰幽都。便在伏物。日短,帝堯
並列,和叔日短,和叔星昴,，-N,申命和叔；居北方，曰幽都。便在伏物。日短，星昴,帝堯
政治,和叔,昴,星-N,申命和叔；居北方，曰幽都。便在伏物。日短，星昴,帝堯
遞進,和叔星昴,和叔正中冬,，以-N,申命和叔；居北方，曰幽都。便在伏物。日短，星昴，以正中冬,帝堯
政治,和叔,中冬,正-N,申命和叔；居北方，曰幽都。便在伏物。日短，星昴，以正中冬,帝堯
遞進,和叔正中冬,堯正四時,。-N,申命和叔；居北方，曰幽都。便在伏物。日短，星昴，以正中冬。其民燠，鳥獸氄毛。歲三百六十六日，以閏月正四時。,帝堯
屬性,北方,民燠:鳥獸氄毛,其-N,申命和叔；居北方，曰幽都。便在伏物。日短，星昴，以正中冬。其民燠，鳥獸氄毛,帝堯
政治,帝堯,四時,正-N,帝堯者，放勳。其仁如天，其知如神。就之如日，望之如雲。富而不驕，貴而不舒。黃收純衣，彤車乘白馬。能明馴德，以親九族。九族既睦，便章百姓。百姓昭明，合和萬國。乃命羲、和，敬順昊天，數法日月星辰，敬授民時。分命羲仲，居郁夷，曰暘谷。敬道日出，便程東作。日中，星鳥，以殷中春。其民析，鳥獸字微。申命羲叔，居南交。便程南為，敬致。日永，星火，以正中夏。其民因，鳥獸希革。申命和仲，居西土，曰昧谷。敬道日入，便程西成。夜中，星虛，以正中秋。其民夷易，鳥獸毛毨。申命和叔；居北方，曰幽都。便在伏物。日短，星昴，以正中冬。其民燠，鳥獸氄毛。歲三百六十六日，以閏月正四時,帝堯
事件屬性,帝堯正四時,,以閏月,帝堯者，放勳。其仁如天，其知如神。就之如日，望之如雲。富而不驕，貴而不舒。黃收純衣，彤車乘白馬。能明馴德，以親九族。九族既睦，便章百姓。百姓昭明，合和萬國。乃命羲、和，敬順昊天，數法日月星辰，敬授民時。分命羲仲，居郁夷，曰暘谷。敬道日出，便程東作。日中，星鳥，以殷中春。其民析，鳥獸字微。申命羲叔，居南交。便程南為，敬致。日永，星火，以正中夏。其民因，鳥獸希革。申命和仲，居西土，曰昧谷。敬道日入，便程西成。夜中，星虛，以正中秋。其民夷易，鳥獸毛毨。申命和叔；居北方，曰幽都。便在伏物。日短，星昴，以正中冬。其民燠，鳥獸氄毛。歲三百六十六日，以閏月正四時,帝堯
事件屬性,帝堯正四時,,歲三百六十六日,帝堯者，放勳。其仁如天，其知如神。就之如日，望之如雲。富而不驕，貴而不舒。黃收純衣，彤車乘白馬。能明馴德，以親九族。九族既睦，便章百姓。百姓昭明，合和萬國。乃命羲、和，敬順昊天，數法日月星辰，敬授民時。分命羲仲，居郁夷，曰暘谷。敬道日出，便程東作。日中，星鳥，以殷中春。其民析，鳥獸字微。申命羲叔，居南交。便程南為，敬致。日永，星火，以正中夏。其民因，鳥獸希革。申命和仲，居西土，曰昧谷。敬道日入，便程西成。夜中，星虛，以正中秋。其民夷易，鳥獸毛毨。申命和叔；居北方，曰幽都。便在伏物。日短，星昴，以正中冬。其民燠，鳥獸氄毛。歲三百六十六日，以閏月正四時,帝堯
政治,帝堯,百官,信飭-N,帝堯者，放勳。其仁如天，其知如神。就之如日，望之如雲。富而不驕，貴而不舒。黃收純衣，彤車乘白馬。能明馴德，以親九族。九族既睦，便章百姓。百姓昭明，合和萬國。乃命羲、和，敬順昊天，數法日月星辰，敬授民時。分命羲仲，居郁夷，曰暘谷。敬道日出，便程東作。日中，星鳥，以殷中春。其民析，鳥獸字微。申命羲叔，居南交。便程南為，敬致。日永，星火，以正中夏。其民因，鳥獸希革。申命和仲，居西土，曰昧谷。敬道日入，便程西成。夜中，星虛，以正中秋。其民夷易，鳥獸毛毨。申命和叔；居北方，曰幽都。便在伏物。日短，星昴，以正中冬。其民燠，鳥獸氄毛。歲三百六十六日，以閏月正四時。信飭百官,帝堯
遞進,帝堯信飭百官,眾功興,，-N,帝堯者，放勳。其仁如天，其知如神。就之如日，望之如雲。富而不驕，貴而不舒。黃收純衣，彤車乘白馬。能明馴德，以親九族。九族既睦，便章百姓。百姓昭明，合和萬國。乃命羲、和，敬順昊天，數法日月星辰，敬授民時。分命羲仲，居郁夷，曰暘谷。敬道日出，便程東作。日中，星鳥，以殷中春。其民析，鳥獸字微。申命羲叔，居南交。便程南為，敬致。日永，星火，以正中夏。其民因，鳥獸希革。申命和仲，居西土，曰昧谷。敬道日入，便程西成。夜中，星虛，以正中秋。其民夷易，鳥獸毛毨。申命和叔；居北方，曰幽都。便在伏物。日短，星昴，以正中冬。其民燠，鳥獸氄毛。歲三百六十六日，以閏月正四時。信飭百官，眾功皆興,帝堯
政治,眾功,,興-N,眾功皆興,帝堯
社交,堯,,曰-N,堯曰：「誰可順此事？」,帝堯
事件屬性,堯曰,,誰可順此事,堯曰：「誰可順此事？」,帝堯
社交,放齊,,曰-N,放齊曰：「嗣子丹朱開明。」,帝堯
遞進,堯曰,放齊曰,？」-N,堯曰：「誰可順此事？」放齊曰：「嗣子丹朱開明。」,帝堯
事件屬性,放齊曰,,嗣子丹朱開明,堯曰：「誰可順此事？」放齊曰：「嗣子丹朱開明。」,帝堯
生命,堯,丹朱,嗣子-N,堯曰：「誰可順此事？」放齊曰：「嗣子丹朱開明。」,帝堯
社交,堯,,曰-N,堯曰：「吁！頑凶，不用。」,帝堯
遞進,放齊曰,堯曰,。」-N,放齊曰：「嗣子丹朱開明。」堯曰：「吁！頑凶，不用。」,帝堯
事件屬性,堯曰,,吁:頑凶:不用,堯曰：「吁！頑凶，不用。」,帝堯
遞進,堯曰,堯又曰,。」-N,堯曰：「吁！頑凶，不用。」堯又曰：「誰可者？」,帝堯
社交,堯,,又曰-N,堯又曰：「誰可者？」,帝堯
事件屬性,堯又曰,,誰可者,堯又曰：「誰可者？」,帝堯
社交,讙兜,,曰-N,讙兜曰：「共工旁聚布功，可用。」,帝堯
事件屬性,讙兜曰,,共工旁聚布功:可用,讙兜曰：「共工旁聚布功，可用。」,帝堯
遞進,堯又曰,讙兜曰,？」-N,堯又曰：「誰可者？」讙兜曰：「共工旁聚布功，可用。」,帝堯
社交,堯,,曰-N,堯曰：「共工善言，其用僻，似恭漫天，不可。」,帝堯
事件屬性,堯曰,,共工善言:其用僻:似恭漫天:不可,堯曰：「共工善言，其用僻，似恭漫天，不可。」,帝堯
遞進,讙兜曰,堯曰,。」-N,讙兜曰：「共工旁聚布功，可用。」堯曰：「共工善言，其用僻，似恭漫天，不可。」堯,帝堯
社交,堯,,又曰-N,堯又曰：「嗟，四嶽，湯湯洪水滔天，浩浩懷山襄陵，下民其憂，有能使治者？」,帝堯
遞進,堯曰,堯又曰,。」-N,堯曰：「共工善言，其用僻，似恭漫天，不可。」堯又曰：「嗟，四嶽，湯湯洪水滔天，浩浩懷山襄陵，下民其憂，有能使治者？」,帝堯
事件屬性,堯又曰,,嗟:四嶽:湯湯洪水滔天:浩浩懷山襄陵:下民其憂:有能使治者,堯又曰：「嗟，四嶽，湯湯洪水滔天，浩浩懷山襄陵，下民其憂，有能使治者？」,帝堯
社交,四嶽,,曰-N,堯又曰：「嗟，四嶽，湯湯洪水滔天，浩浩懷山襄陵，下民其憂，有能使治者？」皆曰鯀可,帝堯
事件屬性,四嶽曰,,鯀可,堯又曰：「嗟，四嶽，湯湯洪水滔天，浩浩懷山襄陵，下民其憂，有能使治者？」皆曰鯀可,帝堯
遞進,堯又曰,四嶽曰,？」-N,堯又曰：「嗟，四嶽，湯湯洪水滔天，浩浩懷山襄陵，下民其憂，有能使治者？」皆曰鯀可,帝堯
社交,堯,,曰-N,堯曰：「鯀負命毀族，不可。」,帝堯
事件屬性,堯曰,,鯀負命毀族:不可,堯曰：「鯀負命毀族，不可。」,帝堯
遞進,四嶽曰,堯曰,。-N,堯又曰：「嗟，四嶽，湯湯洪水滔天，浩浩懷山襄陵，下民其憂，有能使治者？」皆曰鯀可。堯曰：「鯀負命毀族，不可。」,帝堯
社交,嶽,,曰-N,嶽曰：「异哉，試不可用而已。」,帝堯
事件屬性,嶽曰,,异哉:試不可用而已,嶽曰：「异哉，試不可用而已。」,帝堯
遞進,堯曰,嶽曰,。」-N,堯曰：「鯀負命毀族，不可。」嶽曰：「异哉，試不可用而已。」,帝堯
因果,嶽曰,堯聽嶽,。」-N,嶽曰：「异哉，試不可用而已。」堯於是聽嶽用鯀,帝堯
事件屬性,堯聽嶽,,用鯀:九歲:功用不成,堯於是聽嶽用鯀。九歲，功用不成。,帝堯
政治,堯,嶽,聽-N,堯於是聽嶽用鯀,帝堯
社交,堯,,曰-N,堯曰：「嗟！四嶽：朕在位七十載，汝能庸命，踐朕位？」,帝堯
事件屬性,堯曰,,嗟:四嶽:朕在位七十載:汝能庸命:踐朕位,堯曰：「嗟！四嶽：朕在位七十載，汝能庸命，踐朕位？」,帝堯
遞進,堯曰,嶽應曰,？」-N,堯曰：「嗟！四嶽：朕在位七十載，汝能庸命，踐朕位？」嶽應曰：「鄙悳忝帝位。」,帝堯
社交,嶽,,應曰-N,嶽應曰：「鄙悳忝帝位。」,帝堯
事件屬性,嶽應曰,,鄙悳忝帝位,嶽應曰：「鄙悳忝帝位。」,帝堯
社交,堯,,曰-N,堯曰：「悉舉貴戚及疏遠隱匿者。」,帝堯
事件屬性,堯曰,,悉舉貴戚及疏遠隱匿者,堯曰：「悉舉貴戚及疏遠隱匿者。」,帝堯
遞進,嶽應曰,堯曰,。」-N,嶽應曰：「鄙悳忝帝位。」堯曰：「悉舉貴戚及疏遠隱匿者。」,帝堯
社交,眾,堯,言於-N,眾皆言於堯曰：「有矜在民閒，曰虞舜。」,帝堯
事件屬性,眾言於堯,,有矜在民閒:曰虞舜,眾皆言於堯曰：「有矜在民閒，曰虞舜。」,帝堯
遞進,堯曰,眾言於堯,。」-N,堯曰：「悉舉貴戚及疏遠隱匿者。」眾皆言於堯曰：「有矜在民閒，曰虞舜。」,帝堯
社交,堯,,曰-N,堯曰：「然，朕聞之。其何如？」,帝堯
事件屬性,堯曰,,然:朕聞之:其何如,堯曰：「然，朕聞之。其何如？」,帝堯
遞進,眾言於堯,堯曰,。」-N,眾皆言於堯曰：「有矜在民閒，曰虞舜。」堯曰：「然，朕聞之。其何如？」,帝堯
社交,嶽,,曰-N,嶽曰：「盲者子。父頑，母嚚，弟傲，能和以孝，烝烝治，不至姦。」,帝堯
事件屬性,嶽曰,,盲者子:父頑:母嚚:弟傲:能和以孝:烝烝治:不至姦,嶽曰：「盲者子。父頑，母嚚，弟傲，能和以孝，烝烝治，不至姦。」,帝堯
遞進,堯曰,嶽曰,？」-N,堯曰：「然，朕聞之。其何如？」嶽曰：「盲者子。父頑，母嚚，弟傲，能和以孝，烝烝治，不至姦。」,帝堯
社交,堯,,曰-N,堯曰：「吾其試哉。」,帝堯
事件屬性,堯曰,,吾其試哉,堯曰：「吾其試哉。」,帝堯
遞進,嶽曰,堯曰,。」-N,嶽曰：「盲者子。父頑，母嚚，弟傲，能和以孝，烝烝治，不至姦。」堯曰：「吾其試哉。」,帝堯
因果,堯曰,堯妻虞舜,。」於是-N,眾皆言於堯曰：「有矜在民閒，曰虞舜。」堯曰：「然，朕聞之。其何如？」嶽曰：「盲者子。父頑，母嚚，弟傲，能和以孝，烝烝治，不至姦。」堯曰：「吾其試哉。」於是堯妻之二女,帝堯
社交,堯,虞舜,妻-N,眾皆言於堯曰：「有矜在民閒，曰虞舜。」堯曰：「然，朕聞之。其何如？」嶽曰：「盲者子。父頑，母嚚，弟傲，能和以孝，烝烝治，不至姦。」堯曰：「吾其試哉。」於是堯妻之二女,帝堯
事件屬性,堯妻虞舜,,二女,眾皆言於堯曰：「有矜在民閒，曰虞舜。」堯曰：「然，朕聞之。其何如？」嶽曰：「盲者子。父頑，母嚚，弟傲，能和以孝，烝烝治，不至姦。」堯曰：「吾其試哉。」於是堯妻之二女,帝堯
社交,堯,虞舜,觀-N,眾皆言於堯曰：「有矜在民閒，曰虞舜。」堯曰：「然，朕聞之。其何如？」嶽曰：「盲者子。父頑，母嚚，弟傲，能和以孝，烝烝治，不至姦。」堯曰：「吾其試哉。」於是堯妻之二女，觀其德於二女,帝堯
遞進,堯妻虞舜,堯觀虞舜,，-N,眾皆言於堯曰：「有矜在民閒，曰虞舜。」堯曰：「然，朕聞之。其何如？」嶽曰：「盲者子。父頑，母嚚，弟傲，能和以孝，烝烝治，不至姦。」堯曰：「吾其試哉。」於是堯妻之二女，觀其德於二女,帝堯
事件屬性,堯觀虞舜,,德於二女,眾皆言於堯曰：「有矜在民閒，曰虞舜。」堯曰：「然，朕聞之。其何如？」嶽曰：「盲者子。父頑，母嚚，弟傲，能和以孝，烝烝治，不至姦。」堯曰：「吾其試哉。」於是堯妻之二女，觀其德於二女,帝堯
遞進,堯觀虞舜,舜飭下二女,。-N,眾皆言於堯曰：「有矜在民閒，曰虞舜。」堯曰：「然，朕聞之。其何如？」嶽曰：「盲者子。父頑，母嚚，弟傲，能和以孝，烝烝治，不至姦。」堯曰：「吾其試哉。」於是堯妻之二女，觀其德於二女。舜飭下二女於媯汭,帝堯
社交,舜,二女,飭下-N,舜飭下二女於媯汭,帝堯
事件屬性,舜飭下二女,媯汭,於-L,舜飭下二女於媯汭,帝堯
事件屬性,舜飭下二女,,如婦禮,舜飭下二女於媯汭，如婦禮,帝堯
遞進,舜飭下二女,堯善舜,。-N,舜飭下二女於媯汭，如婦禮。堯善之,帝堯
社交,堯,舜,善-N,舜飭下二女於媯汭，如婦禮。堯善之,帝堯
遞進,堯善舜,堯使舜,，乃-N,舜飭下二女於媯汭，如婦禮。堯善之，乃使舜慎和五典,帝堯
政治,堯,舜,使-N,堯善之，乃使舜慎和五典,帝堯
事件屬性,堯使舜,,慎和五典,堯善之，乃使舜慎和五典,帝堯
遞進,堯使舜,舜徧入百官,。-N,堯善之，乃使舜慎和五典，五典能從。徧入百官,帝堯
政治,舜,百官,徧入-N,堯善之，乃使舜慎和五典，五典能從。徧入百官,帝堯
事件屬性,舜徧入百官,,五典能從,堯善之，乃使舜慎和五典，五典能從。徧入百官,帝堯
遞進,舜徧入百官,舜賓於四門,。-N,堯善之，乃使舜慎和五典，五典能從。徧入百官，百官時序。賓於四門,帝堯
政治,舜,四門,賓於-N,堯善之，乃使舜慎和五典，五典能從。徧入百官，百官時序。賓於四門,帝堯
事件屬性,舜賓於四門,,百官時序,堯善之，乃使舜慎和五典，五典能從。徧入百官，百官時序。賓於四門,帝堯
遞進,舜賓於四門,遠方賓客:諸侯敬舜,，-N,堯善之，乃使舜慎和五典，五典能從。徧入百官，百官時序。賓於四門，四門穆穆，諸侯遠方賓客皆敬,帝堯
政治,遠方賓客:諸侯,舜,敬-N,堯善之，乃使舜慎和五典，五典能從。徧入百官，百官時序。賓於四門，四門穆穆，諸侯遠方賓客皆敬,帝堯
事件屬性,遠方賓客:諸侯敬舜,,四門穆穆,堯善之，乃使舜慎和五典，五典能從。徧入百官，百官時序。賓於四門，四門穆穆，諸侯遠方賓客皆敬,帝堯
政治,堯,舜,使-N,堯使舜入山林川澤,帝堯
事件屬性,堯使舜,,入山林川澤,堯使舜入山林川澤，暴風雷雨,帝堯
事件屬性,堯使舜,,暴風雷雨,堯使舜入山林川澤，暴風雷雨,帝堯
遞進,堯使舜,舜行,，-N,堯使舜入山林川澤，暴風雷雨，舜行不迷,帝堯
空間,舜,,行,舜行不迷,帝堯
事件屬性,舜行,,不迷,舜行不迷,帝堯
遞進,舜行不迷,堯以為聖舜,。-N,舜行不迷。堯以為聖,帝堯
社交,堯,舜,以為聖-N,堯以為聖,帝堯
遞進,堯以為聖舜,堯召舜,，-N,堯以為聖，召舜曰：「女謀事至而言可績，三年矣。女登帝位。」,帝堯
政治,堯,舜,召-N,堯以為聖，召舜曰：「女謀事至而言可績，三年矣。女登帝位。」,帝堯
事件屬性,堯召舜,,女謀事至而言可績:三年矣:女登帝位,堯以為聖，召舜曰：「女謀事至而言可績，三年矣。女登帝位。」,帝堯
遞進,堯召舜,舜讓,。」-N,堯以為聖，召舜曰：「女謀事至而言可績，三年矣。女登帝位。」舜讓於德不懌,帝堯
政治,舜,,讓,舜讓於德不懌,帝堯
事件屬性,舜讓,,於德不懌,舜讓於德不懌,帝堯
遞進,舜讓,舜受終,。-N,舜讓於德不懌。正月上日，舜受終於文祖,帝堯
政治,舜,終,受-N,舜受終於文祖,正月上日
事件屬性,舜受終,,於文祖,舜受終於文祖,正月上日
遞進,舜受終,帝堯老,。於是-N,舜受終於文祖。文祖者，堯大祖也。於是帝堯老,正月上日
生命,帝堯,,老-N,於是帝堯老,
遞進,帝堯老,帝堯命舜,，-N,於是帝堯老，命舜攝行天子之政,
屬性,文祖,堯大祖,者-N,文祖者，堯大祖也,正月上日
政治,帝堯,舜,命-N,於是帝堯老，命舜攝行天子之政,舜
事件屬性,帝堯命舜,,攝行天子之政,於是帝堯老，命舜攝行天子之政,舜
事件屬性,帝堯命舜,,以觀天命,於是帝堯老，命舜攝行天子之政，以觀天命,舜
遞進,帝堯命舜,舜在璿璣玉衡,。-N,於是帝堯老，命舜攝行天子之政，以觀天命。舜乃在璿璣玉衡,舜
政治,舜,璿璣玉衡,在-N,於是帝堯老，命舜攝行天子之政，以觀天命。舜乃在璿璣玉衡,舜
事件屬性,舜在璿璣玉衡,,以齊七政,於是帝堯老，命舜攝行天子之政，以觀天命。舜乃在璿璣玉衡，以齊七政,舜
遞進,舜在璿璣玉衡,舜類上帝,。遂-N,舜乃在璿璣玉衡，以齊七政。遂類于上帝,舜
政治,舜,上帝,類于-N,舜乃在璿璣玉衡，以齊七政。遂類于上帝,舜
並列,舜類于上帝,舜禋六宗,，-N,舜乃在璿璣玉衡，以齊七政。遂類于上帝，禋于六宗,舜
政治,舜,六宗,禋于-N,舜乃在璿璣玉衡，以齊七政。遂類于上帝，禋于六宗,舜
並列,舜禋于六宗,舜望山川,，-N,舜乃在璿璣玉衡，以齊七政。遂類于上帝，禋于六宗，望于山川,舜
政治,舜,山川,望于-N,舜乃在璿璣玉衡，以齊七政。遂類于上帝，禋于六宗，望于山川,舜
並列,舜望望于山川,舜辯羣神,，-N,舜乃在璿璣玉衡，以齊七政。遂類于上帝，禋于六宗，望于山川，辯于羣神,舜
政治,舜,羣神,辯于-N,舜乃在璿璣玉衡，以齊七政。遂類于上帝，禋于六宗，望于山川，辯于羣神,舜
遞進,舜辯于羣神,舜揖五瑞,。-N,舜乃在璿璣玉衡，以齊七政。遂類于上帝，禋于六宗，望于山川，辯于羣神。揖五瑞,舜
政治,舜,五瑞,揖-N,舜乃在璿璣玉衡，以齊七政。遂類于上帝，禋于六宗，望于山川，辯于羣神。揖五瑞,舜
遞進,舜揖五瑞,舜擇吉月日,，-N,舜乃在璿璣玉衡，以齊七政。遂類于上帝，禋于六宗，望于山川，辯于羣神。揖五瑞，擇吉月日,舜
政治,舜,吉月日,擇-N,舜乃在璿璣玉衡，以齊七政。遂類于上帝，禋于六宗，望于山川，辯于羣神。揖五瑞，擇吉月日,舜
遞進,舜擇吉月日,舜見四嶽:諸牧,，-N,舜乃在璿璣玉衡，以齊七政。遂類于上帝，禋于六宗，望于山川，辯于羣神。揖五瑞，擇吉月日，見四嶽諸牧,舜
政治,舜,四嶽:諸牧,見-N,舜乃在璿璣玉衡，以齊七政。遂類于上帝，禋于六宗，望于山川，辯于羣神。揖五瑞，擇吉月日，見四嶽諸牧,舜
遞進,舜見四嶽:諸牧,舜班瑞,，-N,舜乃在璿璣玉衡，以齊七政。遂類于上帝，禋于六宗，望于山川，辯于羣神。揖五瑞，擇吉月日，見四嶽諸牧，班瑞,舜
政治,舜,瑞,班-N,舜乃在璿璣玉衡，以齊七政。遂類于上帝，禋于六宗，望于山川，辯于羣神。揖五瑞，擇吉月日，見四嶽諸牧，班瑞,舜
空間,舜,,東巡狩-N,舜乃在璿璣玉衡，以齊七政。遂類于上帝，禋于六宗，望于山川，辯于羣神。揖五瑞，擇吉月日，見四嶽諸牧，班瑞。歲二月，東巡狩,歲二月
遞進,舜東巡狩,舜至岱宗:祡,，-N,舜乃在璿璣玉衡，以齊七政。遂類于上帝，禋于六宗，望于山川，辯于羣神。揖五瑞，擇吉月日，見四嶽諸牧，班瑞。歲二月，東巡狩，至於岱宗，祡,歲二月
空間,舜,岱宗:祡,至-L,舜乃在璿璣玉衡，以齊七政。遂類于上帝，禋于六宗，望于山川，辯于羣神。揖五瑞，擇吉月日，見四嶽諸牧，班瑞。歲二月，東巡狩，至於岱宗，祡,歲二月
遞進,舜至岱宗:祡,舜望秩,，-N,舜乃在璿璣玉衡，以齊七政。遂類于上帝，禋于六宗，望于山川，辯于羣神。揖五瑞，擇吉月日，見四嶽諸牧，班瑞。歲二月，東巡狩，至於岱宗，祡，望秩於山川,歲二月
政治,舜,秩,望-N,舜乃在璿璣玉衡，以齊七政。遂類于上帝，禋于六宗，望于山川，辯于羣神。揖五瑞，擇吉月日，見四嶽諸牧，班瑞。歲二月，東巡狩，至於岱宗，祡，望秩於山川,歲二月
事件屬性,舜望秩,山川,於-L,舜乃在璿璣玉衡，以齊七政。遂類于上帝，禋于六宗，望于山川，辯于羣神。揖五瑞，擇吉月日，見四嶽諸牧，班瑞。歲二月，東巡狩，至於岱宗，祡，望秩於山川,歲二月
遞進,舜望秩,舜見東方君長,。遂-N,舜乃在璿璣玉衡，以齊七政。遂類于上帝，禋于六宗，望于山川，辯于羣神。揖五瑞，擇吉月日，見四嶽諸牧，班瑞。歲二月，東巡狩，至於岱宗，祡，望秩於山川。遂見東方君長,歲二月
政治,舜,東方君長,見-N,舜乃在璿璣玉衡，以齊七政。遂類于上帝，禋于六宗，望于山川，辯于羣神。揖五瑞，擇吉月日，見四嶽諸牧，班瑞。歲二月，東巡狩，至於岱宗，祡，望秩於山川。遂見東方君長,歲二月
並列,舜見東方君長,舜合時月正日,，-N,舜乃在璿璣玉衡，以齊七政。遂類于上帝，禋于六宗，望于山川，辯于羣神。揖五瑞，擇吉月日，見四嶽諸牧，班瑞。歲二月，東巡狩，至於岱宗，祡，望秩於山川。遂見東方君長，合時月正日,歲二月
政治,舜,時月正日,合-N,舜乃在璿璣玉衡，以齊七政。遂類于上帝，禋于六宗，望于山川，辯于羣神。揖五瑞，擇吉月日，見四嶽諸牧，班瑞。歲二月，東巡狩，至於岱宗，祡，望秩於山川。遂見東方君長，合時月正日,歲二月
並列,舜合時月正日,舜同律度量衡,，-N,舜乃在璿璣玉衡，以齊七政。遂類于上帝，禋于六宗，望于山川，辯于羣神。揖五瑞，擇吉月日，見四嶽諸牧，班瑞。歲二月，東巡狩，至於岱宗，祡，望秩於山川。遂見東方君長，合時月正日，同律度量衡,歲二月
政治,舜,律度量衡,同-N,舜乃在璿璣玉衡，以齊七政。遂類于上帝，禋于六宗，望于山川，辯于羣神。揖五瑞，擇吉月日，見四嶽諸牧，班瑞。歲二月，東巡狩，至於岱宗，祡，望秩於山川。遂見東方君長，合時月正日，同律度量衡,歲二月
並列,舜同律度量衡,舜脩五禮:五玉:三帛:二生:一死,，-N,舜乃在璿璣玉衡，以齊七政。遂類于上帝，禋于六宗，望于山川，辯于羣神。揖五瑞，擇吉月日，見四嶽諸牧，班瑞。歲二月，東巡狩，至於岱宗，祡，望秩於山川。遂見東方君長，合時月正日，同律度量衡，脩五禮五玉三帛二生一死為摯,歲二月
政治,舜,五禮:五玉:三帛:二生:一死,脩-N,舜乃在璿璣玉衡，以齊七政。遂類于上帝，禋于六宗，望于山川，辯于羣神。揖五瑞，擇吉月日，見四嶽諸牧，班瑞。歲二月，東巡狩，至於岱宗，祡，望秩於山川。遂見東方君長，合時月正日，同律度量衡，脩五禮五玉三帛二生一死為摯,歲二月
屬性,舜脩五禮:五玉:三帛:二生:一死,摯,為-N,舜乃在璿璣玉衡，以齊七政。遂類于上帝，禋于六宗，望于山川，辯于羣神。揖五瑞，擇吉月日，見四嶽諸牧，班瑞。歲二月，東巡狩，至於岱宗，祡，望秩於山川。遂見東方君長，合時月正日，同律度量衡，脩五禮五玉三帛二生一死為摯,歲二月
遞進,舜同律度量衡,舜如五器,，-N,舜乃在璿璣玉衡，以齊七政。遂類于上帝，禋于六宗，望于山川，辯于羣神。揖五瑞，擇吉月日，見四嶽諸牧，班瑞。歲二月，東巡狩，至於岱宗，祡，望秩於山川。遂見東方君長，合時月正日，同律度量衡，脩五禮五玉三帛二生一死為摯，如五器,歲二月
政治,舜,五器,如-N,舜乃在璿璣玉衡，以齊七政。遂類于上帝，禋于六宗，望于山川，辯于羣神。揖五瑞，擇吉月日，見四嶽諸牧，班瑞。歲二月，東巡狩，至於岱宗，祡，望秩於山川。遂見東方君長，合時月正日，同律度量衡，脩五禮五玉三帛二生一死為摯，如五器,歲二月
遞進,舜如五器,舜乃復,，卒-N,舜乃在璿璣玉衡，以齊七政。遂類于上帝，禋于六宗，望于山川，辯于羣神。揖五瑞，擇吉月日，見四嶽諸牧，班瑞。歲二月，東巡狩，至於岱宗，祡，望秩於山川。遂見東方君長，合時月正日，同律度量衡，脩五禮五玉三帛二生一死為摯，如五器，卒乃復,歲二月
政治,舜,,乃復-N,舜乃在璿璣玉衡，以齊七政。遂類于上帝，禋于六宗，望于山川，辯于羣神。揖五瑞，擇吉月日，見四嶽諸牧，班瑞。歲二月，東巡狩，至於岱宗，祡，望秩於山川。遂見東方君長，合時月正日，同律度量衡，脩五禮五玉三帛二生一死為摯，如五器，卒乃復,歲二月
遞進,舜乃復,舜南巡狩,。-N,舜乃在璿璣玉衡，以齊七政。遂類于上帝，禋于六宗，望于山川，辯于羣神。揖五瑞，擇吉月日，見四嶽諸牧，班瑞。歲二月，東巡狩，至於岱宗，祡，望秩於山川。遂見東方君長，合時月正日，同律度量衡，脩五禮五玉三帛二生一死為摯，如五器，卒乃復。五月，南巡狩,歲二月
空間,舜,,南巡狩-N,舜乃在璿璣玉衡，以齊七政。遂類于上帝，禋于六宗，望于山川，辯于羣神。揖五瑞，擇吉月日，見四嶽諸牧，班瑞。歲二月，東巡狩，至於岱宗，祡，望秩於山川。遂見東方君長，合時月正日，同律度量衡，脩五禮五玉三帛二生一死為摯，如五器，卒乃復。五月，南巡狩,五月
遞進,舜南巡狩,舜西巡狩,；-N,舜乃在璿璣玉衡，以齊七政。遂類于上帝，禋于六宗，望于山川，辯于羣神。揖五瑞，擇吉月日，見四嶽諸牧，班瑞。歲二月，東巡狩，至於岱宗，祡，望秩於山川。遂見東方君長，合時月正日，同律度量衡，脩五禮五玉三帛二生一死為摯，如五器，卒乃復。五月，南巡狩；八月，西巡狩,
空間,舜,,西巡狩-N,舜乃在璿璣玉衡，以齊七政。遂類于上帝，禋于六宗，望于山川，辯于羣神。揖五瑞，擇吉月日，見四嶽諸牧，班瑞。歲二月，東巡狩，至於岱宗，祡，望秩於山川。遂見東方君長，合時月正日，同律度量衡，脩五禮五玉三帛二生一死為摯，如五器，卒乃復。五月，南巡狩；八月，西巡狩,八月
遞進,舜西巡狩,舜北巡狩,；-N,舜乃在璿璣玉衡，以齊七政。遂類于上帝，禋于六宗，望于山川，辯于羣神。揖五瑞，擇吉月日，見四嶽諸牧，班瑞。歲二月，東巡狩，至於岱宗，祡，望秩於山川。遂見東方君長，合時月正日，同律度量衡，脩五禮五玉三帛二生一死為摯，如五器，卒乃復。五月，南巡狩；八月，西巡狩；十一月，北巡狩,
空間,舜,,北巡狩-N,舜乃在璿璣玉衡，以齊七政。遂類于上帝，禋于六宗，望于山川，辯于羣神。揖五瑞，擇吉月日，見四嶽諸牧，班瑞。歲二月，東巡狩，至於岱宗，祡，望秩於山川。遂見東方君長，合時月正日，同律度量衡，脩五禮五玉三帛二生一死為摯，如五器，卒乃復。五月，南巡狩；八月，西巡狩；十一月，北巡狩,十一月
事件屬性,舜東巡狩:舜南巡狩:舜西巡狩:舜北巡狩,,皆如初,舜乃在璿璣玉衡，以齊七政。遂類于上帝，禋于六宗，望于山川，辯于羣神。揖五瑞，擇吉月日，見四嶽諸牧，班瑞。歲二月，東巡狩，至於岱宗，祡，望秩於山川。遂見東方君長，合時月正日，同律度量衡，脩五禮五玉三帛二生一死為摯，如五器，卒乃復。五月，南巡狩；八月，西巡狩；十一月，北巡狩：皆如初,舜
遞進,舜北巡狩,舜歸,。-N,舜乃在璿璣玉衡，以齊七政。遂類于上帝，禋于六宗，望于山川，辯于羣神。揖五瑞，擇吉月日，見四嶽諸牧，班瑞。歲二月，東巡狩，至於岱宗，祡，望秩於山川。遂見東方君長，合時月正日，同律度量衡，脩五禮五玉三帛二生一死為摯，如五器，卒乃復。五月，南巡狩；八月，西巡狩；十一月，北巡狩：皆如初。歸,舜
空間,舜,,歸-N,舜乃在璿璣玉衡，以齊七政。遂類于上帝，禋于六宗，望于山川，辯于羣神。揖五瑞，擇吉月日，見四嶽諸牧，班瑞。歲二月，東巡狩，至於岱宗，祡，望秩於山川。遂見東方君長，合時月正日，同律度量衡，脩五禮五玉三帛二生一死為摯，如五器，卒乃復。五月，南巡狩；八月，西巡狩；十一月，北巡狩：皆如初。歸,舜
遞進,舜歸,舜至于祖禰廟,，-N,舜乃在璿璣玉衡，以齊七政。遂類于上帝，禋于六宗，望于山川，辯于羣神。揖五瑞，擇吉月日，見四嶽諸牧，班瑞。歲二月，東巡狩，至於岱宗，祡，望秩於山川。遂見東方君長，合時月正日，同律度量衡，脩五禮五玉三帛二生一死為摯，如五器，卒乃復。五月，南巡狩；八月，西巡狩；十一月，北巡狩：皆如初。歸，至于祖禰廟,舜
空間,舜,祖禰廟,至于-L,舜乃在璿璣玉衡，以齊七政。遂類于上帝，禋于六宗，望于山川，辯于羣神。揖五瑞，擇吉月日，見四嶽諸牧，班瑞。歲二月，東巡狩，至於岱宗，祡，望秩於山川。遂見東方君長，合時月正日，同律度量衡，脩五禮五玉三帛二生一死為摯，如五器，卒乃復。五月，南巡狩；八月，西巡狩；十一月，北巡狩：皆如初。歸，至于祖禰廟,舜
遞進,舜至于祖禰廟,舜用特牛禮,，-N,舜乃在璿璣玉衡，以齊七政。遂類于上帝，禋于六宗，望于山川，辯于羣神。揖五瑞，擇吉月日，見四嶽諸牧，班瑞。歲二月，東巡狩，至於岱宗，祡，望秩於山川。遂見東方君長，合時月正日，同律度量衡，脩五禮五玉三帛二生一死為摯，如五器，卒乃復。五月，南巡狩；八月，西巡狩；十一月，北巡狩：皆如初。歸，至于祖禰廟，用特牛禮,舜
政治,舜,特牛禮,用-N,舜乃在璿璣玉衡，以齊七政。遂類于上帝，禋于六宗，望于山川，辯于羣神。揖五瑞，擇吉月日，見四嶽諸牧，班瑞。歲二月，東巡狩，至於岱宗，祡，望秩於山川。遂見東方君長，合時月正日，同律度量衡，脩五禮五玉三帛二生一死為摯，如五器，卒乃復。五月，南巡狩；八月，西巡狩；十一月，北巡狩：皆如初。歸，至于祖禰廟，用特牛禮,舜
政治,舜,,巡狩-N,舜乃在璿璣玉衡，以齊七政。遂類于上帝，禋于六宗，望于山川，辯于羣神。揖五瑞，擇吉月日，見四嶽諸牧，班瑞。歲二月，東巡狩，至於岱宗，祡，望秩於山川。遂見東方君長，合時月正日，同律度量衡，脩五禮五玉三帛二生一死為摯，如五器，卒乃復。五月，南巡狩；八月，西巡狩；十一月，北巡狩：皆如初。歸，至于祖禰廟，用特牛禮。五歲一巡狩,舜
事件屬性,舜巡狩,,五歲一,舜乃在璿璣玉衡，以齊七政。遂類于上帝，禋于六宗，望于山川，辯于羣神。揖五瑞，擇吉月日，見四嶽諸牧，班瑞。歲二月，東巡狩，至於岱宗，祡，望秩於山川。遂見東方君長，合時月正日，同律度量衡，脩五禮五玉三帛二生一死為摯，如五器，卒乃復。五月，南巡狩；八月，西巡狩；十一月，北巡狩：皆如初。歸，至于祖禰廟，用特牛禮。五歲一巡狩,舜
遞進,舜巡狩,羣后四朝,，-N,舜乃在璿璣玉衡，以齊七政。遂類于上帝，禋于六宗，望于山川，辯于羣神。揖五瑞，擇吉月日，見四嶽諸牧，班瑞。歲二月，東巡狩，至於岱宗，祡，望秩於山川。遂見東方君長，合時月正日，同律度量衡，脩五禮五玉三帛二生一死為摯，如五器，卒乃復。五月，南巡狩；八月，西巡狩；十一月，北巡狩：皆如初。歸，至于祖禰廟，用特牛禮。五歲一巡狩，羣后四朝,舜
政治,羣后,,四朝-N,舜乃在璿璣玉衡，以齊七政。遂類于上帝，禋于六宗，望于山川，辯于羣神。揖五瑞，擇吉月日，見四嶽諸牧，班瑞。歲二月，東巡狩，至於岱宗，祡，望秩於山川。遂見東方君長，合時月正日，同律度量衡，脩五禮五玉三帛二生一死為摯，如五器，卒乃復。五月，南巡狩；八月，西巡狩；十一月，北巡狩：皆如初。歸，至于祖禰廟，用特牛禮。五歲一巡狩，羣后四朝,舜
事件屬性,羣后四朝,,徧告以言:明試以功:車服以庸,舜乃在璿璣玉衡，以齊七政。遂類于上帝，禋于六宗，望于山川，辯于羣神。揖五瑞，擇吉月日，見四嶽諸牧，班瑞。歲二月，東巡狩，至於岱宗，祡，望秩於山川。遂見東方君長，合時月正日，同律度量衡，脩五禮五玉三帛二生一死為摯，如五器，卒乃復。五月，南巡狩；八月，西巡狩；十一月，北巡狩：皆如初。歸，至于祖禰廟，用特牛禮。五歲一巡狩，羣后四朝。徧告以言，明試以功，車服以庸,舜
政治,舜,十有二州,肇-N,舜乃在璿璣玉衡，以齊七政。遂類于上帝，禋于六宗，望于山川，辯于羣神。揖五瑞，擇吉月日，見四嶽諸牧，班瑞。歲二月，東巡狩，至於岱宗，祡，望秩於山川。遂見東方君長，合時月正日，同律度量衡，脩五禮五玉三帛二生一死為摯，如五器，卒乃復。五月，南巡狩；八月，西巡狩；十一月，北巡狩：皆如初。歸，至于祖禰廟，用特牛禮。五歲一巡狩，羣后四朝。徧告以言，明試以功，車服以庸。肇十有二州,舜
並列,舜肇十有二州,舜決川,，-N,舜乃在璿璣玉衡，以齊七政。遂類于上帝，禋于六宗，望于山川，辯于羣神。揖五瑞，擇吉月日，見四嶽諸牧，班瑞。歲二月，東巡狩，至於岱宗，祡，望秩於山川。遂見東方君長，合時月正日，同律度量衡，脩五禮五玉三帛二生一死為摯，如五器，卒乃復。五月，南巡狩；八月，西巡狩；十一月，北巡狩：皆如初。歸，至于祖禰廟，用特牛禮。五歲一巡狩，羣后四朝。徧告以言，明試以功，車服以庸。肇十有二州，決川,舜
動作,舜,川,決-N,舜乃在璿璣玉衡，以齊七政。遂類于上帝，禋于六宗，望于山川，辯于羣神。揖五瑞，擇吉月日，見四嶽諸牧，班瑞。歲二月，東巡狩，至於岱宗，祡，望秩於山川。遂見東方君長，合時月正日，同律度量衡，脩五禮五玉三帛二生一死為摯，如五器，卒乃復。五月，南巡狩；八月，西巡狩；十一月，北巡狩：皆如初。歸，至于祖禰廟，用特牛禮。五歲一巡狩，羣后四朝。徧告以言，明試以功，車服以庸。肇十有二州，決川,舜
政治,典刑,象,以-N,象以典刑,舜
並列,典刑以象,流宥五刑,，-N,象以典刑，流宥五刑,舜
政治,流,五刑,宥-N,流宥五刑,舜
並列,流宥五刑,鞭作官刑,，-N,流宥五刑，鞭作官刑,舜
政治,鞭,官刑,作-N,鞭作官刑,舜
並列,鞭作官刑,扑作教刑,，-N,鞭作官刑，扑作教刑,舜
政治,扑,教刑,作-N,扑作教刑,舜
並列,扑作教刑,金作贖刑,，-N,扑作教刑，金作贖刑,舜
政治,金,贖刑,作-N,金作贖刑,舜
政治,眚烖過,,赦-N,眚烖過，赦,舜
並列,眚烖過,怙終賊,；-N,眚烖過，赦；怙終賊，刑,舜
政治,怙終賊,,刑-N,怙終賊，刑,舜
政治,讙兜,共工,進言-N,讙兜進言共工,舜
遞進,讙兜進言共工,堯試共工,，-N,讙兜進言共工，堯曰不可而試之工師,堯
政治,堯,共工,試-N,堯曰不可而試之工師,堯
事件屬性,堯試共工,,工師,堯曰不可而試之工師,堯
事件屬性,堯試共工,,曰不可而,堯曰不可而試之工師,堯
屬性,共工,淫辟,果-N,共工果淫辟,堯
遞進,堯試共工,四嶽舉鯀,。-N,堯曰不可而試之工師，共工果淫辟,堯
政治,四嶽,鯀,舉-N,四嶽舉鯀治鴻水，,堯
事件屬性,四嶽舉鯀,,治鴻水,四嶽舉鯀治鴻水，,堯
社交,堯,鯀,以為-N,四嶽舉鯀治鴻水，堯以為不可,堯
事件屬性,堯以為鯀,,不可,四嶽舉鯀治鴻水，堯以為不可,堯
遞進,堯以為鯀,四嶽彊請堯,，-N,四嶽舉鯀治鴻水，堯以為不可，嶽彊請試之,堯
政治,四嶽,堯,彊請-N,四嶽舉鯀治鴻水，堯以為不可，嶽彊請試之,堯
事件屬性,四嶽彊請堯,,試之,四嶽舉鯀治鴻水，堯以為不可，嶽彊請試之,堯
遞進,四嶽彊請堯,堯試鯀,，-N,四嶽舉鯀治鴻水，堯以為不可，嶽彊請試之，試之而無功,堯
政治,堯,鯀,試-N,四嶽舉鯀治鴻水，堯以為不可，嶽彊請試之，試之而無功,堯
事件屬性,堯試鯀,,無功,四嶽舉鯀治鴻水，堯以為不可，嶽彊請試之，試之而無功,堯
因果,堯試鯀,百姓不便,，故-N,鯀治鴻水，堯以為不可，嶽彊請試之，試之而無功，故百姓不便,堯
政治,百姓,,不便-N,故百姓不便,堯
政治,三苗,,數為亂-N,三苗在江淮、荊州數為亂,堯
事件屬性,三苗數為亂,,江淮-L,三苗在江淮、荊州數為亂,堯
事件屬性,三苗數為亂,,荊州-L,三苗在江淮、荊州數為亂,堯
因果,三苗數為亂,舜歸,。於是-N,三苗在江淮、荊州數為亂。於是舜歸而言於帝,堯
空間,舜,,歸-N,於是舜歸而言於帝,堯
遞進,堯歸,舜言於帝,而-N,於是舜歸而言於帝,堯
政治,舜,帝,言於-N,於是舜歸而言於帝,堯
遞進,舜言於帝,舜請流共工,，-N,於是舜歸而言於帝，請流共工於幽陵,堯
政治,舜,共工,請流-N,於是舜歸而言於帝，請流共工於幽陵,堯
事件屬性,舜請流共工,,幽陵-L,於是舜歸而言於帝，請流共工於幽陵,堯
遞進,舜請流共工,共工變北狄,，以-N,於是舜歸而言於帝，請流共工於幽陵，以變北狄,堯
戰爭,共工,北狄,變-N,於是舜歸而言於帝，請流共工於幽陵，以變北狄,堯
並列,共工變北狄,舜放驩兜,；-N,於是舜歸而言於帝，請流共工於幽陵，以變北狄；放驩兜於崇山,堯
政治,舜,驩兜,放-N,於是舜歸而言於帝，請流共工於幽陵，以變北狄；放驩兜於崇山,堯
事件屬性,舜放驩兜,,崇山-L,於是舜歸而言於帝，請流共工於幽陵，以變北狄；放驩兜於崇山,堯
遞進,舜放驩兜,驩兜變南蠻,，以-N,於是舜歸而言於帝，請流共工於幽陵，以變北狄；放驩兜於崇山，以變南蠻,堯
戰爭,驩兜,南蠻,變-N,於是舜歸而言於帝，請流共工於幽陵，以變北狄；放驩兜於崇山，以變南蠻,堯
並列,驩兜變南蠻,舜遷三苗,；-N,於是舜歸而言於帝，請流共工於幽陵，以變北狄；放驩兜於崇山，以變南蠻；遷三苗於三危,堯
政治,舜,三苗,遷-N,於是舜歸而言於帝，請流共工於幽陵，以變北狄；放驩兜於崇山，以變南蠻；遷三苗於三危,堯
事件屬性,舜遷三苗,,三危-L,於是舜歸而言於帝，請流共工於幽陵，以變北狄；放驩兜於崇山，以變南蠻；遷三苗於三危,堯
遞進,舜遷三苗,三苗變西戎,，以-N,於是舜歸而言於帝，請流共工於幽陵，以變北狄；放驩兜於崇山，以變南蠻；遷三苗於三危，以變西戎,堯
戰爭,三苗,西戎,變-N,於是舜歸而言於帝，請流共工於幽陵，以變北狄；放驩兜於崇山，以變南蠻；遷三苗於三危，以變西戎,堯
並列,三苗變西戎,舜殛鯀,；-N,於是舜歸而言於帝，請流共工於幽陵，以變北狄；放驩兜於崇山，以變南蠻；遷三苗於三危，以變西戎；殛鯀於羽山,堯
政治,舜,鯀,殛-N,於是舜歸而言於帝，請流共工於幽陵，以變北狄；放驩兜於崇山，以變南蠻；遷三苗於三危，以變西戎；殛鯀於羽山,堯
事件屬性,舜殛鯀,,羽山-L,於是舜歸而言於帝，請流共工於幽陵，以變北狄；放驩兜於崇山，以變南蠻；遷三苗於三危，以變西戎；殛鯀於羽山,堯
遞進,舜殛鯀,鯀變東夷,，以-N,於是舜歸而言於帝，請流共工於幽陵，以變北狄；放驩兜於崇山，以變南蠻；遷三苗於三危，以變西戎；殛鯀於羽山，以變東夷,堯
戰爭,鯀,東夷,變-N,於是舜歸而言於帝，請流共工於幽陵，以變北狄；放驩兜於崇山，以變南蠻；遷三苗於三危，以變西戎；殛鯀於羽山，以變東夷,堯
遞進,鯀變東夷,天下咸服,：-N,於是舜歸而言於帝，請流共工於幽陵，以變北狄；放驩兜於崇山，以變南蠻；遷三苗於三危，以變西戎；殛鯀於羽山，以變東夷：四辠而天下咸服,堯
政治,天下,,咸服-N,四辠而天下咸服,堯
事件屬性,天下咸服,,四辠,四辠而天下咸服,堯
政治,堯,舜,得-N,堯立七十年得舜,堯
事件屬性,堯得舜,,立七十年,堯立七十年得舜,堯
遞進,堯得舜,堯老,而-N,堯立七十年得舜，二十年而老,
生命,堯,,老,堯立七十年得舜，二十年而老,
事件屬性,堯老,,二十年,堯立七十年得舜，二十年而老,
遞進,堯老,堯令舜,，-N,堯立七十年得舜，二十年而老，令舜攝行天子之政,
政治,堯,舜,令-N,堯立七十年得舜，二十年而老，令舜攝行天子之政,
事件屬性,堯令舜,,攝行天子之政,堯立七十年得舜，二十年而老，令舜攝行天子之政,
並列,堯令舜,堯薦舜,，-N,堯立七十年得舜，二十年而老，令舜攝行天子之政，薦之於天,
政治,堯,舜,薦-N,堯立七十年得舜，二十年而老，令舜攝行天子之政，薦之於天,
事件屬性,堯薦舜,,於天,堯立七十年得舜，二十年而老，令舜攝行天子之政，薦之於天,
遞進,堯薦舜,堯辟位,。-N,堯立七十年得舜，二十年而老，令舜攝行天子之政，薦之於天。堯辟位凡二十八年而崩,
政治,堯,,辟位,堯辟位凡二十八年而崩,
事件屬性,堯辟位,,凡二十八年,堯辟位凡二十八年而崩,
遞進,堯辟位,堯崩,而-N,堯辟位凡二十八年而崩,
生命,堯,,崩,堯辟位凡二十八年而崩,
遞進,堯崩,百姓悲哀,。-N,堯辟位凡二十八年而崩。百姓悲哀,
社交,百姓,,悲哀-N,百姓悲哀,
事件屬性,百姓悲哀,,如喪父母,百姓悲哀，如喪父母,
並列,百姓悲哀,四方莫舉樂,。-N,百姓悲哀，如喪父母。三年，四方莫舉樂,
事件屬性,四方莫舉樂,,三年,百姓悲哀，如喪父母。三年，四方莫舉樂,
政治,四方,樂,莫舉-N,百姓悲哀，如喪父母。三年，四方莫舉樂,
事件屬性,四方莫舉樂,,以思堯,四方莫舉樂，以思堯,
社交,堯,丹朱,知-N,堯知子丹朱之不肖,
事件屬性,堯知丹朱,,不肖,堯知子丹朱之不肖,
事件屬性,堯知丹朱,,不足授天下,堯知子丹朱之不肖，不足授天下,
因果,堯知丹朱,堯權授舜,，於是乃-N,堯知子丹朱之不肖，不足授天下，於是乃權授舜,
政治,堯,舜,權授-N,堯知子丹朱之不肖，不足授天下，於是乃權授舜,
社交,堯,,曰-N,堯曰「終不以天下之病而利一人」,
事件屬性,堯曰,,終不以天下之病而利一人,堯曰「終不以天下之病而利一人」,
遞進,堯曰,堯授舜,，而卒-N,堯曰「終不以天下之病而利一人」，而卒授舜以天下,
政治,堯,舜,授-N,堯曰「終不以天下之病而利一人」，而卒授舜以天下,
事件屬性,堯授舜,,以天下,堯曰「終不以天下之病而利一人」，而卒授舜以天下,
生命,堯,,崩-N,堯崩,
遞進,堯崩,舜讓辟丹朱,，-N,堯崩，三年之喪畢，舜讓辟丹朱於南河之南,
政治,舜,丹朱,讓辟-N,舜讓辟丹朱於南河之南,
事件屬性,舜讓辟丹朱,,三年之喪畢,堯崩，三年之喪畢，舜讓辟丹朱於南河之南,
事件屬性,舜讓辟丹朱,南河之南,於-L,舜讓辟丹朱於南河之南,
遞進,舜讓辟丹朱,諸侯不之丹朱,。-N,舜讓辟丹朱於南河之南。諸侯朝覲者不之丹朱而之舜,
政治,諸侯朝覲者,丹朱,不之-N,諸侯朝覲者不之丹朱而之舜,
轉折,諸侯朝覲者不之丹朱,諸侯朝覲者之舜,而-N,諸侯朝覲者不之丹朱而之舜,
政治,諸侯朝覲者,舜,之-N,諸侯朝覲者不之丹朱而之舜,
並列,諸侯朝覲者之舜,諸侯不之丹朱,，-N,諸侯朝覲者不之丹朱而之舜，獄訟者不之丹朱而之舜,
政治,獄訟者,丹朱,不之-N,諸侯朝覲者不之丹朱而之舜，獄訟者不之丹朱而之舜,
轉折,獄訟者不之丹朱,獄訟者之舜,而-N,諸侯朝覲者不之丹朱而之舜，獄訟者不之丹朱而之舜,
政治,獄訟者,舜,之-N,諸侯朝覲者不之丹朱而之舜，獄訟者不之丹朱而之舜,
並列,獄訟者之舜,謳歌者不謳歌丹朱,，-N,諸侯朝覲者不之丹朱而之舜，獄訟者不之丹朱而之舜，謳歌者不謳歌丹朱而謳歌舜,
政治,謳歌者,丹朱,不謳歌-N,諸侯朝覲者不之丹朱而之舜，獄訟者不之丹朱而之舜，謳歌者不謳歌丹朱而謳歌舜,
轉折,謳歌者不謳歌丹朱,謳歌者謳歌舜,而-N,諸侯朝覲者不之丹朱而之舜，獄訟者不之丹朱而之舜，謳歌者不謳歌丹朱而謳歌舜,
政治,謳歌者,舜,謳歌-N,諸侯朝覲者不之丹朱而之舜，獄訟者不之丹朱而之舜，謳歌者不謳歌丹朱而謳歌舜,
遞進,謳歌者謳歌舜,舜曰,。-N,諸侯朝覲者不之丹朱而之舜，獄訟者不之丹朱而之舜，謳歌者不謳歌丹朱而謳歌舜。舜曰「天也」,
政治,舜,,曰-N,舜曰「天也」,
遞進,舜曰,舜踐天子位,，夫而後-N,舜曰「天也」，夫而後之中國踐天子位焉,
政治,舜,天子位,踐-N,舜曰「天也」，夫而後之中國踐天子位焉,
事件屬性,舜踐天子位,,之中國,舜曰「天也」，夫而後之中國踐天子位焉,
屬性,舜,帝舜,是為-N,舜曰「天也」，夫而後之中國踐天子位焉，是為帝舜,
屬性,虞舜,重華,曰-N,虞舜者，名曰重華,
生命,重華,瞽叟,父-N,重華父曰瞽叟,
生命,瞽叟,橋牛,父-N,瞽叟父曰橋牛,
生命,橋牛,句望,父-N,橋牛父曰句望,
生命,句望,敬康,父-N,句望父曰敬康,
生命,敬康,窮蟬,父-N,敬康父曰窮蟬,
生命,窮蟬,帝顓頊,父-N,窮蟬父曰帝顓頊,
生命,顓頊,昌意,父-N,顓頊父曰昌意,
屬性,帝舜,庶人,為-N,自從窮蟬以至帝舜，皆微為庶人,
屬性,窮蟬,庶人,為-N,自從窮蟬以至帝舜，皆微為庶人,
生命,瞽叟,,盲-N,舜父瞽叟盲,
並列,瞽叟盲,舜母死,，而-N,舜父瞽叟盲，而舜母死,
生命,舜母,,死-N,而舜母死,
遞進,舜母死,瞽叟娶妻,，-N,舜父瞽叟盲，而舜母死，瞽叟更娶妻而生象,
社交,瞽叟,妻,更娶-N,瞽叟更娶妻而生象,
遞進,瞽叟更娶妻,瞽叟生象,而-N,瞽叟更娶妻而生象,
生命,瞽叟,象,生-N,瞽叟更娶妻而生象,
社交,象,,傲-N,象傲,
社交,瞽叟,後妻:子,愛-N,瞽叟愛後妻子,
因果,瞽叟愛後妻:子,瞽叟欲殺舜,，-N,瞽叟愛後妻子，常欲殺舜,
生命,瞽叟,舜,常欲殺-N,瞽叟愛後妻子，常欲殺舜,
遞進,後妻子常欲殺舜,舜避逃,，-N,瞽叟愛後妻子，常欲殺舜，舜避逃,
空間,舜,,避逃-N,舜避逃,
並列,舜避逃,舜有小過,；及-N,舜避逃；及有小過,
社交,舜,小過,有-N,舜避逃；及有小過,
遞進,舜有小過,舜受罪,，則-N,舜避逃；及有小過，則受罪,
社交,舜,罪,受-N,舜避逃；及有小過，則受罪,
轉折,舜受罪,舜順事父:弟:後母,。-N,舜避逃；及有小過，則受罪。順事父及後母與弟,
社交,舜,父:弟:後母,順事-N,舜避逃；及有小過，則受罪。順事父及後母與弟,
事件屬性,舜順事父:弟:後母,,日以篤謹,舜避逃；及有小過，則受罪。順事父及後母與弟，日以篤謹,
事件屬性,舜順事父:弟:後母,,匪有解,舜避逃；及有小過，則受罪。順事父及後母與弟，日以篤謹，匪有解,
屬性,舜,冀州之人,也-N,舜，冀州之人也,
動作,舜,歷山,耕-L,舜耕歷山,
並列,舜耕歷山,舜漁雷澤,，-N,舜耕歷山，漁雷澤,
動作,舜,雷澤,漁-L,舜耕歷山，漁雷澤,
並列,舜漁雷澤,舜陶河濱,，-N,舜耕歷山，漁雷澤，陶河濱,
動作,舜,河濱,陶-L,舜耕歷山，漁雷澤，陶河濱,
並列,舜陶河濱,舜作什器,，-N,舜耕歷山，漁雷澤，陶河濱，作什器於壽丘,
動作,舜,什器,作-N,舜耕歷山，漁雷澤，陶河濱，作什器於壽丘,
事件屬性,舜作什器,壽丘,於-L,舜耕歷山，漁雷澤，陶河濱，作什器於壽丘,
並列,舜作什器,舜就時,，-N,舜耕歷山，漁雷澤，陶河濱，作什器於壽丘，就時於負夏,
動作,舜,,就時-N,舜耕歷山，漁雷澤，陶河濱，作什器於壽丘，就時於負夏,
事件屬性,舜就時,負夏,於-L,舜耕歷山，漁雷澤，陶河濱，作什器於壽丘，就時於負夏,
生命,舜父瞽叟:母:弟象,舜,欲殺-N,舜父瞽叟頑，母嚚，弟象傲，皆欲殺舜,
轉折,舜父瞽叟:母:弟象欲殺舜,舜順適,。-ZZ,舜父瞽叟頑，母嚚，弟象傲，皆欲殺舜。舜順適不失子道,
社交,舜,,順適-N,舜父瞽叟頑，母嚚，弟象傲，皆欲殺舜。舜順適不失子道,
事件屬性,舜順適,,不失子道:兄弟孝慈:欲殺不可得:即求嘗在側,舜父瞽叟頑，母嚚，弟象傲，皆欲殺舜。舜順適不失子道，兄弟孝慈,
政治,舜,,聞-N,舜年二十以孝聞,
事件屬性,舜聞,,年二十,舜年二十以孝聞,
事件屬性,舜聞,,以孝,舜年二十以孝聞,
遞進,舜聞,帝堯問可用者,。-N,舜年二十以孝聞。三十而帝堯問可用者,
事件屬性,帝堯問可用者,,三十,舜年二十以孝聞。三十而帝堯問可用者,
政治,帝堯,可用者,問-N,三十而帝堯問可用者,
遞進,帝堯問可用者,四嶽咸薦虞舜,，-N,三十而帝堯問可用者，四嶽咸薦虞舜,
政治,四嶽,虞舜,咸薦-N,三十而帝堯問可用者，四嶽咸薦虞舜,
事件屬性,四嶽咸薦虞舜,,曰可,四嶽咸薦虞舜，曰可,
因果,四嶽咸薦虞舜,堯妻舜,。於是-N,四嶽咸薦虞舜，曰可。於是堯乃以二女妻舜以觀其內,
社交,堯,舜,妻-N,於是堯乃以二女妻舜以觀其內,
事件屬性,堯妻舜,,以二女,於是堯乃以二女妻舜以觀其內,
事件屬性,堯妻舜,,以觀其內,於是堯乃以二女妻舜以觀其內,
並列,堯觀其內,堯使九男,，-N,於是堯乃以二女妻舜以觀其內，使九男與處以觀其外,
社交,堯,九男,使-N,於是堯乃以二女妻舜以觀其內，使九男與處以觀其外,
事件屬性,堯使九男,,與處,於是堯乃以二女妻舜以觀其內，使九男與處以觀其外,
事件屬性,堯使九男,,以觀其外,於是堯乃以二女妻舜以觀其內，使九男與處以觀其外,
遞進,堯觀其外,舜居媯汭,。-N,於是堯乃以二女妻舜以觀其內，使九男與處以觀其外。舜居媯汭,
空間,舜,媯汭,居-L,舜居媯汭,
遞進,舜居媯汭,舜內行彌謹,，-N,舜居媯汭，內行彌謹,
政治,舜,,內行彌謹-N,舜居媯汭，內行彌謹,
因果,舜內行彌謹,堯二女有婦道,。-N,舜居媯汭，內行彌謹。堯二女不敢以貴驕事舜親戚，甚有婦道,
社交,堯二女,婦道,有-N,堯二女不敢以貴驕事舜親戚，甚有婦道,
事件屬性,堯二女有婦道,,不敢以貴驕事舜親戚,堯二女不敢以貴驕事舜親戚，甚有婦道,
並列,堯二女有婦道,堯九男益篤,。-N,堯二女不敢以貴驕事舜親戚，甚有婦道。堯九男皆益篤,
社交,堯九男,,益篤-N,堯二女不敢以貴驕事舜親戚，甚有婦道。堯九男皆益篤,
並列,舜耕,歷山之人讓畔,。-N,堯二女不敢以貴驕事舜親戚，甚有婦道。堯九男皆益篤。舜耕歷山，歷山之人皆讓畔,
動作,舜,,耕,舜耕歷山,
事件屬性,舜耕,,歷山-L,舜耕歷山,
遞進,舜耕,歷山之人讓畔,，-N,舜耕歷山，歷山之人皆讓畔,
社交,歷山之人,畔,讓-N,歷山之人皆讓畔,
並列,歷山之人讓畔,舜漁,；-N,舜耕歷山，歷山之人皆讓畔；漁雷澤,
動作,舜,,漁,舜耕歷山，歷山之人皆讓畔；漁雷澤,
事件屬性,舜漁,,雷澤-L,舜耕歷山，歷山之人皆讓畔；漁雷澤,
遞進,舜漁,雷澤上人讓居,，-N,舜耕歷山，歷山之人皆讓畔；漁雷澤，雷澤上人皆讓居,
社交,雷澤上人,居,讓-N,雷澤上人皆讓居,
並列,雷澤上人讓居,舜陶,；-N,舜耕歷山，歷山之人皆讓畔；漁雷澤，雷澤上人皆讓居；陶河濱,
動作,舜,,陶,舜耕歷山，歷山之人皆讓畔；漁雷澤，雷澤上人皆讓居；陶河濱,
事件屬性,舜陶,,河濱-L,舜耕歷山，歷山之人皆讓畔；漁雷澤，雷澤上人皆讓居；陶河濱,
動作,河濱器,,不苦窳-N,舜耕歷山，歷山之人皆讓畔；漁雷澤，雷澤上人皆讓居；陶河濱，河濱器皆不苦窳,
遞進,舜陶,河濱器不苦窳,，-N,舜耕歷山，歷山之人皆讓畔；漁雷澤，雷澤上人皆讓居；陶河濱，河濱器皆不苦窳,
遞進,河濱器不苦窳,所居成聚,。-N,舜耕歷山，歷山之人皆讓畔；漁雷澤，雷澤上人皆讓居；陶河濱，河濱器皆不苦窳。一年而所居成聚,
政治,所居,聚,成-N,舜耕歷山，歷山之人皆讓畔；漁雷澤，雷澤上人皆讓居；陶河濱，河濱器皆不苦窳。一年而所居成聚,
事件屬性,所居成聚,,一年,舜耕歷山，歷山之人皆讓畔；漁雷澤，雷澤上人皆讓居；陶河濱，河濱器皆不苦窳。一年而所居成聚,
遞進,所居成聚,所居成邑,，-N,舜耕歷山，歷山之人皆讓畔；漁雷澤，雷澤上人皆讓居；陶河濱，河濱器皆不苦窳。一年而所居成聚，二年成邑,
政治,所居,邑,成-N,舜耕歷山，歷山之人皆讓畔；漁雷澤，雷澤上人皆讓居；陶河濱，河濱器皆不苦窳。一年而所居成聚，二年成邑,
事件屬性,所居成邑,,二年,舜耕歷山，歷山之人皆讓畔；漁雷澤，雷澤上人皆讓居；陶河濱，河濱器皆不苦窳。一年而所居成聚，二年成邑,
遞進,所居成邑,所居成都,，-N,舜耕歷山，歷山之人皆讓畔；漁雷澤，雷澤上人皆讓居；陶河濱，河濱器皆不苦窳。一年而所居成聚，二年成邑，三年成都,
政治,所居,都,成-N,舜耕歷山，歷山之人皆讓畔；漁雷澤，雷澤上人皆讓居；陶河濱，河濱器皆不苦窳。一年而所居成聚，二年成邑，三年成都,
事件屬性,所居成都,,三年,舜耕歷山，歷山之人皆讓畔；漁雷澤，雷澤上人皆讓居；陶河濱，河濱器皆不苦窳。一年而所居成聚，二年成邑，三年成都,
遞進,所居成都,堯賜舜,。-N,舜耕歷山，歷山之人皆讓畔；漁雷澤，雷澤上人皆讓居；陶河濱，河濱器皆不苦窳。一年而所居成聚，二年成邑，三年成都。堯乃賜舜絺衣,
社交,堯,舜,賜-N,堯乃賜舜絺衣,
事件屬性,堯賜舜,,絺衣,堯乃賜舜絺衣,
並列,堯賜舜,堯與舜,，-N,堯乃賜舜絺衣，與琴,
社交,堯,舜,與-N,堯乃賜舜絺衣，與琴,
事件屬性,堯與舜,,琴,堯乃賜舜絺衣，與琴,
並列,堯與舜,堯為舜,，-N,堯乃賜舜絺衣，與琴，為築倉廩,
動作,堯,舜,為-N,堯乃賜舜絺衣，與琴，為築倉廩,
事件屬性,堯為舜,,築倉廩,堯乃賜舜絺衣，與琴，為築倉廩,
並列,堯為舜,堯予舜,，-N,堯乃賜舜絺衣，與琴，為築倉廩，予牛羊,
社交,堯,舜,予-N,堯乃賜舜絺衣，與琴，為築倉廩，予牛羊,
事件屬性,堯予舜,,牛羊,堯乃賜舜絺衣，與琴，為築倉廩，予牛羊,
轉折,堯予舜,瞽叟尚欲殺舜,。-N,堯乃賜舜絺衣，與琴，為築倉廩，予牛羊。瞽叟尚復欲殺之,
生命,瞽叟,舜,尚欲殺-N,瞽叟尚復欲殺之，使舜上塗廩,
遞進,瞽叟尚欲殺舜,瞽叟使舜,，-N,瞽叟尚復欲殺之，使舜上塗廩,
社交,瞽叟,舜,使-N,瞽叟尚復欲殺之，使舜上塗廩,
事件屬性,瞽叟使舜,,上塗廩,瞽叟尚復欲殺之，使舜上塗廩,
遞進,瞽叟使舜,瞽叟焚廩,，-N,瞽叟尚復欲殺之，使舜上塗廩，瞽叟從下縱火焚廩,
動作,瞽叟,廩,焚-N,瞽叟從下縱火焚廩,
事件屬性,瞽叟焚廩,,從下縱火,瞽叟從下縱火焚廩,
遞進,瞽叟焚廩,舜以兩笠,。-N,瞽叟從下縱火焚廩。舜乃以兩笠自扞而下,
動作,舜,兩笠,以-N,舜乃以兩笠自扞而下,
事件屬性,舜以兩笠,,自扞而下,舜乃以兩笠自扞而下,
遞進,舜以兩笠,舜去,，-N,舜乃以兩笠自扞而下，去,
空間,舜,,去-N,舜乃以兩笠自扞而下，去,
遞進,舜去,舜得不死,，-N,舜乃以兩笠自扞而下，去，得不死,
生命,舜,,得不死-N,舜乃以兩笠自扞而下，去，得不死,
遞進,舜得不死,瞽叟使舜,。後-N,舜乃以兩笠自扞而下，去，得不死。後瞽叟又使舜穿井,
社交,瞽叟,舜,又使-N,後瞽叟又使舜穿井,
事件屬性,瞽叟又使舜,,穿井,後瞽叟又使舜穿井,
遞進,瞽叟又使舜,舜穿井,，-N,後瞽叟又使舜穿井，舜穿井為匿空旁出,
動作,舜,,穿井-N,舜穿井為匿空旁出,
事件屬性,舜穿井,,為匿空旁出,舜穿井為匿空旁出,
遞進,舜穿井,舜入深,。-N,舜穿井為匿空旁出。舜既入深,
空間,舜,,入深-L,舜既入深,
遞進,舜入深,象:瞽叟實井,，-N,舜既入深，瞽叟與象共下土實井,
動作,象:瞽叟,井,實-N,瞽叟與象共下土實井,
事件屬性,象:瞽叟實井,,共下土,瞽叟與象共下土實井,
轉折,象:瞽叟實井,舜出,，-N,瞽叟與象共下土實井，舜從匿空出,
空間,舜,,出,舜從匿空出，去,
事件屬性,舜出,,從匿空,舜從匿空出，去,
遞進,舜出,舜去,，-N,舜從匿空出，去,
空間,舜,,去,舜從匿空出，去,
因果,舜去,象:瞽叟喜,。-N,舜從匿空出，去。瞽叟、象喜,
社交,象:瞽叟,,喜-N,瞽叟、象喜,
事件屬性,象:瞽叟喜,,以舜為已死,瞽叟、象喜，以舜為已死,
遞進,象:瞽叟喜,象曰,。-N,瞽叟、象喜，以舜為已死。象曰「本謀者象。」,
社交,象,,曰-N,象曰「本謀者象。」,
事件屬性,象曰,,本謀者象,象曰「本謀者象。」,
遞進,象曰,象分,。」-N,象曰「本謀者象。」象與其父母分,
社交,象,,分-N,象與其父母分,
事件屬性,象分,,與其父母,象與其父母分,
因果,象分,象曰,，於是-N,象與其父母分，於是曰：「舜妻堯二女，與琴，象取之。牛羊倉廩予父母。」,
社交,象,,曰-N,象與其父母分，於是曰：「舜妻堯二女，與琴，象取之。牛羊倉廩予父母。」,
事件屬性,象曰,,舜妻堯二女:與琴:象取之:牛羊倉廩予父母,象與其父母分，於是曰：「舜妻堯二女，與琴，象取之。牛羊倉廩予父母。」,
並列,象分,象止舜宮居,。」-N,象與其父母分，於是曰：「舜妻堯二女，與琴，象取之。牛羊倉廩予父母。」象乃止舜宮居,
空間,象,舜宮居,止-L,象乃止舜宮居,
遞進,象止舜宮居,象鼓琴,，-N,象乃止舜宮居，鼓其琴,
動作,象,琴,鼓-N,象乃止舜宮居，鼓其琴,
遞進,象鼓琴,舜往見象,。-N,象乃止舜宮居，鼓其琴。舜往見之,
社交,舜,象,往見-N,象乃止舜宮居，鼓其琴。舜往見之,
遞進,舜往見象,象鄂,。-N,象乃止舜宮居，鼓其琴。舜往見之。象鄂不懌,
社交,象,,鄂-N,象鄂不懌,
事件屬性,象鄂,,不懌,象鄂不懌,
遞進,象鄂,象曰,，-N,象鄂不懌，曰：「我思舜正鬱陶！」,
社交,象,,曰-N,象鄂不懌，曰：「我思舜正鬱陶！」,
事件屬性,象曰,,我思舜正鬱陶,象鄂不懌，曰：「我思舜正鬱陶！」,
遞進,象曰,舜曰,！」-N,象鄂不懌，曰：「我思舜正鬱陶！」舜曰：「然，爾其庶矣！」,
社交,舜,,曰-N,象鄂不懌，曰：「我思舜正鬱陶！」舜曰：「然，爾其庶矣！」,
事件屬性,舜曰,,然:爾其庶矣,舜曰：「然，爾其庶矣！」,
社交,舜,瞽叟:弟,復事-N,舜復事瞽叟愛弟彌謹,
事件屬性,舜復事瞽叟:弟,,彌謹,舜復事瞽叟愛弟彌謹,
遞進,舜復事瞽叟:弟,堯試舜,。於是-N,舜復事瞽叟愛弟彌謹。於是堯乃試舜五典百官,
政治,堯,舜,試-N,於是堯乃試舜五典百官,
事件屬性,堯試舜,,五典百官,於是堯乃試舜五典百官,
事件屬性,堯試舜,,皆治,於是堯乃試舜五典百官，皆治,
生命,高陽氏,才子八人,有-N,昔高陽氏有才子八人,
遞進,高陽氏有才子八人,世得其利,，-N,昔高陽氏有才子八人，世得其利,
政治,世,其利,得-N,昔高陽氏有才子八人，世得其利,
社交,世,才子八人,謂-N,昔高陽氏有才子八人，世得其利，謂之「八愷」,
事件屬性,世謂才子八人,,八愷,昔高陽氏有才子八人，世得其利，謂之「八愷」,
並列,世謂才子八人,高辛氏有才子八人,。-N,昔高陽氏有才子八人，世得其利，謂之「八愷」。高辛氏有才子八人,
政治,高辛氏,才子八人,有-N,高辛氏有才子八人,
社交,世,才子八人,謂-N,高辛氏有才子八人，世謂之「八元」,
事件屬性,世謂才子八人,,八元,高辛氏有才子八人，世謂之「八元」,
社交,世,此十六族,濟-N,此十六族者，世濟其美,
事件屬性,世濟此十六族,,其美,此十六族者，世濟其美,
並列,世濟此十六族,世不隕此十六族,，-N,此十六族者，世濟其美，不隕其名,
社交,世,此十六族,不隕-N,此十六族者，世濟其美，不隕其名,
事件屬性,世不隕此十六族,,其名,此十六族者，世濟其美，不隕其名,
事件屬性,堯未能舉此十六族,,至於堯,此十六族者，世濟其美，不隕其名。至於堯，堯未能舉,
轉折,世不隕此十六族,堯未能舉此十六族,，-N,此十六族者，世濟其美，不隕其名。至於堯，堯未能舉,
政治,堯,此十六族,未能舉-N,此十六族者，世濟其美，不隕其名。至於堯，堯未能舉,
轉折,堯未能舉十六族,舜舉八愷,。-N,此十六族者，世濟其美，不隕其名。至於堯，堯未能舉。舜舉八愷,
政治,舜,八愷,舉-N,舜舉八愷,
遞進,舜舉八愷,舜使八愷,，-N,舜舉八愷，使主后土,
政治,舜,八愷,使-N,舜舉八愷，使主后土,
事件屬性,舜使八愷,,主后土,舜舉八愷，使主后土,
事件屬性,舜使八愷,以揆百事,以揆百事,舜舉八愷，使主后土，以揆百事,
遞進,舜使八愷,百事莫不時序,，-N,舜舉八愷，使主后土，以揆百事，莫不時序,
政治,百事,,莫不時序-N,舜舉八愷，使主后土，以揆百事，莫不時序,
並列,舜使八愷,舜舉八元,。-N,舜舉八愷，使主后土，以揆百事，莫不時序。舉八元,
政治,舜,八元,舉-N,舜舉八愷，使主后土，以揆百事，莫不時序。舉八元,
遞進,舜舉八元,舜使八元,，-N,舜舉八愷，使主后土，以揆百事，莫不時序。舉八元，使布五教于四方,
事件屬性,舜使八元,,布五教于四方:父義:母慈:兄友:弟恭:子孝,舜舉八愷，使主后土，以揆百事，莫不時序。舉八元，使布五教于四方，父義，母慈，兄友，弟恭，子孝,
事件屬性,舜使八元,,內平外成,舜舉八愷，使主后土，以揆百事，莫不時序。舉八元，使布五教于四方，父義，母慈，兄友，弟恭，子孝，內平外成,
生命,帝鴻氏,不才子,有-N,昔帝鴻氏有不才子,
遞進,天下謂五教,帝鴻氏有不才子,，-N,舜舉八愷，使主后土，以揆百事，莫不時序。舉八元，使布五教于四方，父義，母慈，兄友，弟恭，子孝，內平外成。昔帝鴻氏有不才子,
政治,不才子,,掩義隱賊-N,昔帝鴻氏有不才子，掩義隱賊,
政治,帝鴻氏,,好行凶慝-N,昔帝鴻氏有不才子，掩義隱賊，好行凶慝,
社交,天下,不才子,謂-N,昔帝鴻氏有不才子，掩義隱賊，好行凶慝，天下謂之渾沌,
事件屬性,天下謂不才子,,渾沌,昔帝鴻氏有不才子，掩義隱賊，好行凶慝，天下謂之渾沌,
並列,天下謂不才子,少暤氏有不才子,。-N,昔帝鴻氏有不才子，掩義隱賊，好行凶慝，天下謂之渾沌。少暤氏有不才子，毀信惡忠,
生命,少暤氏,不才子,有-N,少暤氏有不才子,
政治,不才子,,毀信惡忠-N,少暤氏有不才子，毀信惡忠,
政治,不才子,,崇飾惡言-N,少暤氏有不才子，毀信惡忠，崇飾惡言,
社交,天下,不才子,謂-N,少暤氏有不才子，毀信惡忠，崇飾惡言，天下謂之窮奇,
事件屬性,天下謂不才子,,窮奇,少暤氏有不才子，毀信惡忠，崇飾惡言，天下謂之窮奇,
並列,天下謂不才子,顓頊氏有不才子,。-N,天下謂之窮奇。顓頊氏有不才子,
生命,顓頊氏,不才子,有-N,顓頊氏有不才子,
政治,不才子,,不可教訓-N,顓頊氏有不才子，不可教訓,
政治,顓頊氏,,不知話言-N,顓頊氏有不才子，不可教訓，不知話言,
社交,天下,不才子,謂-N,顓頊氏有不才子，不可教訓，不知話言，天下謂之檮杌,
事件屬性,天下謂不才子,,檮杌,顓頊氏有不才子，不可教訓，不知話言，天下謂之檮杌,
遞進,天下謂不才子,世憂此三族,。-N,顓頊氏有不才子，不可教訓，不知話言，天下謂之檮杌。此三族世憂之,
政治,世,此三族,憂-N,此三族世憂之,
轉折,世憂此三族,堯未能去此三族,，-N,此三族世憂之。至于堯，堯未能去,
政治,堯,此三族,未能去-N,此三族世憂之。至于堯，堯未能去,
事件屬性,堯未能去此三族,,至于堯,此三族世憂之。至于堯，堯未能去,
並列,堯未能去此三族,縉雲氏有不才子,。-N,此三族世憂之。至于堯，堯未能去。縉雲氏有不才子,
生命,縉雲氏,不才子,有-N,縉雲氏有不才子，貪于飲食,
政治,不才子,飲食,貪于-N,縉雲氏有不才子，貪于飲食,
政治,不才子,貨賄,冒于-N,縉雲氏有不才子，貪于飲食，冒于貨賄,
社交,天下,不才子,謂-N,縉雲氏有不才子，貪于飲食，冒于貨賄，天下謂之饕餮,
事件屬性,天下謂不才子,,饕餮,縉雲氏有不才子，貪于飲食，冒于貨賄，天下謂之饕餮,
遞進,天下謂不才子,天下惡饕餮,。-N,縉雲氏有不才子，貪于飲食，冒于貨賄，天下謂之饕餮。天下惡之,
政治,天下,饕餮,惡-N,縉雲氏有不才子，貪于飲食，冒于貨賄，天下謂之饕餮。天下惡之,
事件屬性,天下惡饕餮,,比之三凶,縉雲氏有不才子，貪于飲食，冒于貨賄，天下謂之饕餮。天下惡之，比之三凶,
遞進,天下惡饕餮,舜賓四凶族,。-N,天下謂之饕餮。天下惡之，比之三凶。舜賓於四門，乃流四凶族,
社交,舜,四凶族,賓-N,舜賓於四門，乃流四凶族,
事件屬性,舜賓四凶族,四門,於-L,舜賓於四門，乃流四凶族,
遞進,舜賓四凶族,舜流四凶族,，乃-N,舜賓於四門，乃流四凶族,
政治,舜,四凶族,流-N,舜賓於四門，乃流四凶族,
遞進,舜流四凶族,四凶族遷四裔,，-N,舜賓於四門，乃流四凶族，遷于四裔,
空間,四凶族,四裔,遷-L,舜賓於四門，乃流四凶族，遷于四裔,
遞進,四凶族遷四裔,四凶族御螭魅,，以-N,舜賓於四門，乃流四凶族，遷于四裔，以御螭魅,
戰爭,四凶族,螭魅,御-N,舜賓於四門，乃流四凶族，遷于四裔，以御螭魅,
因果,四凶族御螭魅,四門辟,，於是-N,舜賓於四門，乃流四凶族，遷于四裔，以御螭魅，於是四門辟,
政治,四門,,辟,於是四門辟，言毋凶人也,
事件屬性,四門辟,,言毋凶人也,於是四門辟，言毋凶人也,
空間,舜,大麓,入-L,舜入于大麓,
事件屬性,舜入大麓,,烈風雷雨不迷,舜入于大麓，烈風雷雨不迷,
因果,舜入大麓,堯知舜,，-N,舜入于大麓，烈風雷雨不迷，堯乃知舜之足授天下,
社交,堯,舜,知-N,堯乃知舜之足授天下,
事件屬性,堯知舜,,足授天下,堯乃知舜之足授天下,
生命,堯,,老-N,堯老,
遞進,堯老,堯使舜,，-N,堯老，使舜攝行天子政,
政治,堯,舜,使-N,堯老，使舜攝行天子政,
事件屬性,堯使舜,,攝行天子政,堯老，使舜攝行天子政,
遞進,堯使舜,舜巡狩,，-N,堯老，使舜攝行天子政，巡狩,
政治,舜,,巡狩-N,舜攝行天子政，巡狩,
政治,舜,,舉用事-N,舜得舉用事二十年,
事件屬性,舜舉用事,,二十年,舜得舉用事二十年,
遞進,舜舉用事,堯使舜,，而-N,舜得舉用事二十年，而堯使攝政,舜
政治,堯,舜,使-N,舜得舉用事二十年，而堯使攝政,舜
事件屬性,堯使舜,,攝政,舜得舉用事二十年，而堯使攝政,舜
政治,舜,,攝政-N,舜得舉用事二十年，而堯使攝政。攝政八年而堯崩,舜
事件屬性,,,八年,舜得舉用事二十年，而堯使攝政。攝政八年而堯崩,舜
轉折,舜攝政,堯崩,而-N,舜得舉用事二十年，而堯使攝政。攝政八年而堯崩,舜
生命,堯,,崩,攝政八年而堯崩,舜
遞進,堯崩,舜讓丹朱,。-N,舜得舉用事二十年，而堯使攝政。攝政八年而堯崩。三年喪畢，讓丹朱,舜
政治,舜,丹朱,讓-N,舜得舉用事二十年，而堯使攝政。攝政八年而堯崩。三年喪畢，讓丹朱,舜
事件屬性,舜讓丹朱,,三年喪畢,舜得舉用事二十年，而堯使攝政。攝政八年而堯崩。三年喪畢，讓丹朱,舜
遞進,舜讓丹朱,天下歸舜,，-N,舜得舉用事二十年，而堯使攝政。攝政八年而堯崩。三年喪畢，讓丹朱，天下歸舜,舜
政治,天下,舜,歸-N,天下歸舜,舜
轉折,天下歸舜,堯舉用禹:皋陶:契:后稷:伯夷:夔:龍:倕:益:彭祖,。而-N,天下歸舜。而禹、皋陶、契、后稷、伯夷、夔、龍、倕、益、彭祖自堯時而皆舉用,舜
政治,堯,禹:皋陶:契:后稷:伯夷:夔:龍:倕:益:彭祖,舉用-N,天下歸舜。而禹、皋陶、契、后稷、伯夷、夔、龍、倕、益、彭祖自堯時而皆舉用,舜
轉折,堯舉用禹:皋陶:契:后稷:伯夷:夔:龍:倕:益:彭祖,禹:皋陶:契:后稷:伯夷:夔:龍:倕:益:彭祖未有分職,，-N,天下歸舜。而禹、皋陶、契、后稷、伯夷、夔、龍、倕、益、彭祖自堯時而皆舉用，未有分職,舜
政治,禹:皋陶:契:后稷:伯夷:夔:龍:倕:益:彭祖,分職,未有-N,天下歸舜。而禹、皋陶、契、后稷、伯夷、夔、龍、倕、益、彭祖自堯時而皆舉用，未有分職,舜
因果,禹:皋陶:契:后稷:伯夷:夔:龍:倕:益:彭祖未有分職,舜至於文祖,。於是-N,天下歸舜。而禹、皋陶、契、后稷、伯夷、夔、龍、倕、益、彭祖自堯時而皆舉用，未有分職。於是舜乃至於文祖,舜
空間,舜,文祖,至於-L,於是舜乃至於文祖,舜
並列,舜至於文祖,舜謀于四嶽,，-N,於是舜乃至於文祖，謀于四嶽,舜
政治,舜,四嶽,謀于-N,於是舜乃至於文祖，謀于四嶽,舜
並列,舜謀于四嶽,舜辟四門,，-N,於是舜乃至於文祖，謀于四嶽，辟四門,舜
政治,舜,四門,辟-N,於是舜乃至於文祖，謀于四嶽，辟四門,舜
並列,舜辟四門,舜明通四方耳目,，-N,於是舜乃至於文祖，謀于四嶽，辟四門，明通四方耳目,舜
政治,舜,四方耳目,明通-N,於是舜乃至於文祖，謀于四嶽，辟四門，明通四方耳目,舜
並列,舜明通四方耳目,舜命十二牧,，-N,於是舜乃至於文祖，謀于四嶽，辟四門，明通四方耳目，命十二牧論帝德,舜
政治,舜,十二牧,命-N,於是舜乃至於文祖，謀于四嶽，辟四門，明通四方耳目，命十二牧論帝德,舜
事件屬性,舜命十二牧,,論帝德,於是舜乃至於文祖，謀于四嶽，辟四門，明通四方耳目，命十二牧論帝德,舜
並列,舜命十二牧,舜行厚德,，-N,於是舜乃至於文祖，謀于四嶽，辟四門，明通四方耳目，命十二牧論帝德，行厚德,舜
政治,舜,厚德,行-N,於是舜乃至於文祖，謀于四嶽，辟四門，明通四方耳目，命十二牧論帝德，行厚德,舜
並列,舜行厚德,舜遠佞人,，-N,於是舜乃至於文祖，謀于四嶽，辟四門，明通四方耳目，命十二牧論帝德，行厚德，遠佞人,舜
政治,舜,佞人,遠-N,於是舜乃至於文祖，謀于四嶽，辟四門，明通四方耳目，命十二牧論帝德，行厚德，遠佞人,舜
因果,舜遠佞人,蠻夷率服舜,，則-N,於是舜乃至於文祖，謀于四嶽，辟四門，明通四方耳目，命十二牧論帝德，行厚德，遠佞人，則蠻夷率服,舜
政治,蠻夷,舜,率服-N,則蠻夷率服,舜
政治,舜,四嶽,謂-N,舜謂四嶽曰：「有能奮庸美堯之事者，使居官相事？」,舜
事件屬性,舜謂四嶽,,有能奮庸美堯之事者:使居官相事,舜謂四嶽曰：「有能奮庸美堯之事者，使居官相事？」,舜
遞進,舜謂四嶽,皆曰,？」-N,舜謂四嶽曰：「有能奮庸美堯之事者，使居官相事？」皆曰：「伯禹為司空，可美帝功。」,舜
政治,四嶽,,皆曰-N,皆曰：「伯禹為司空，可美帝功。」,舜
事件屬性,四嶽皆曰,,伯禹為司空:可美帝功,皆曰：「伯禹為司空，可美帝功。」,舜
遞進,四嶽皆曰,舜曰,。」-N,皆曰：「伯禹為司空，可美帝功。」舜曰：「嗟，然！,舜
政治,舜,,曰-N,舜曰：「嗟，然！禹，汝平水土，維是勉哉。」,舜
事件屬性,舜曰,,嗟:然:禹:汝平水土:維是勉哉,舜曰：「嗟，然！禹，汝平水土，維是勉哉。」,舜
遞進,舜曰,禹拜稽首,。」-N,舜曰：「嗟，然！禹，汝平水土，維是勉哉。」禹拜稽首,舜
社交,禹,稽首,拜,禹拜稽首,舜
遞進,禹拜稽首,禹讓於契:與:皋陶,，-N,禹拜稽首，讓於稷、契與皋陶,舜
屬性,伯禹,司空,為-N,皆曰：「伯禹為司空，可美帝功。」,舜
政治,禹,契:與:皋陶,讓於-N,禹拜稽首，讓於稷、契與皋陶,舜
遞進,禹讓於契:與:皋陶,舜曰,。」-N,禹拜稽首，讓於稷、契與皋陶。舜曰：「然，往矣。」,舜
政治,舜,,曰-N,舜曰：「然，往矣。」,舜
事件屬性,舜曰,,然:往矣,舜曰：「然，往矣。」,舜
政治,黎民,,飢-N,舜曰：「弃，黎民始飢，汝后稷播時百穀。」,舜
遞進,舜曰,舜曰,。」-N,舜曰：「然，往矣。」舜曰：「弃，黎民始飢，汝后稷播時百穀。」,舜
政治,舜,,曰-N,舜曰：「弃，黎民始飢，汝后稷播時百穀。」,舜
事件屬性,舜曰,,弃:黎民始飢:汝后稷播時百穀,舜曰：「弃，黎民始飢，汝后稷播時百穀。」,舜
政治,弃,后稷,汝-N,舜曰：「弃，黎民始飢，汝后稷播時百穀。」,舜
遞進,舜曰,舜曰,。」-N,舜曰：「弃，黎民始飢，汝后稷播時百穀。」舜曰：「契，百姓不親，五品不馴，汝為司徒，而敬敷五教，在寬。」,舜
政治,舜,,曰-N,舜曰：「契，百姓不親，五品不馴，汝為司徒，而敬敷五教，在寬。」,舜
事件屬性,舜曰,,契:百姓不親:五品不馴:汝為司徒:而敬敷五教:在寬,舜曰：「契，百姓不親，五品不馴，汝為司徒，而敬敷五教，在寬。」,舜
政治,百姓,,不親,舜曰：「契，百姓不親，五品不馴，汝為司徒，而敬敷五教，在寬。」,舜
並列,百姓不親,五品不馴,，-N,舜曰：「契，百姓不親，五品不馴，汝為司徒，而敬敷五教，在寬。」,舜
政治,五品,,不馴-N,舜曰：「契，百姓不親，五品不馴，汝為司徒，而敬敷五教，在寬。」,舜
政治,契,司徒,為-N,舜曰：「契，百姓不親，五品不馴，汝為司徒，而敬敷五教，在寬。」,舜
政治,契,五教,敬敷-N,舜曰：「契，百姓不親，五品不馴，汝為司徒，而敬敷五教，在寬。」,舜
事件屬性,契敬敷五教,,在寬,舜曰：「契，百姓不親，五品不馴，汝為司徒，而敬敷五教，在寬。」,舜
遞進,舜曰,舜曰,。」-N,舜曰：「契，百姓不親，五品不馴，汝為司徒，而敬敷五教，在寬。」舜曰：「皋陶，蠻夷猾夏，寇賊姦軌，汝作士，五刑有服，五服三就；五流有度，五度三居：維明能信。」,舜
政治,舜,,曰-N,舜曰：「皋陶，蠻夷猾夏，寇賊姦軌，汝作士，五刑有服，五服三就；五流有度，五度三居：維明能信。」,舜
事件屬性,舜曰,,皋陶:蠻夷猾夏:寇賊姦軌:汝作士:五刑有服:五服三就:五流有度:五度三居:維明能信,舜曰：「皋陶，蠻夷猾夏，寇賊姦軌，汝作士，五刑有服，五服三就；五流有度，五度三居：維明能信。」,舜
政治,蠻夷,夏,猾-N,舜曰：「皋陶，蠻夷猾夏，寇賊姦軌，汝作士，五刑有服，五服三就；五流有度，五度三居：維明能信。」,舜
政治,寇賊,軌,姦-N,舜曰：「皋陶，蠻夷猾夏，寇賊姦軌，汝作士，五刑有服，五服三就；五流有度，五度三居：維明能信。」,舜
政治,皋陶,士,作-N,舜曰：「皋陶，蠻夷猾夏，寇賊姦軌，汝作士，五刑有服，五服三就；五流有度，五度三居：維明能信。」,舜
事件屬性,皋陶作士,,五刑有服,舜曰：「皋陶，蠻夷猾夏，寇賊姦軌，汝作士，五刑有服，五服三就；五流有度，五度三居：維明能信。」,舜
事件屬性,皋陶作士,,五服三就,舜曰：「皋陶，蠻夷猾夏，寇賊姦軌，汝作士，五刑有服，五服三就；五流有度，五度三居：維明能信。」,舜
事件屬性,皋陶作士,,五流有度,舜曰：「皋陶，蠻夷猾夏，寇賊姦軌，汝作士，五刑有服，五服三就；五流有度，五度三居：維明能信。」,舜
事件屬性,皋陶作士,,五度三居,舜曰：「皋陶，蠻夷猾夏，寇賊姦軌，汝作士，五刑有服，五服三就；五流有度，五度三居：維明能信。」,舜
事件屬性,皋陶作士,,維明能信,舜曰：「皋陶，蠻夷猾夏，寇賊姦軌，汝作士，五刑有服，五服三就；五流有度，五度三居：維明能信。」,舜
遞進,舜曰,舜曰,。」-N,舜曰：「皋陶，蠻夷猾夏，寇賊姦軌，汝作士，五刑有服，五服三就；五流有度，五度三居：維明能信。」舜曰：「誰能馴予工？」,舜
政治,舜,,曰-N,舜曰：「誰能馴予工？」,舜
事件屬性,舜曰,,誰能馴予工,舜曰：「誰能馴予工？」,舜
遞進,舜曰,皆曰,？」-N,舜曰：「誰能馴予工？」皆曰垂可,舜
政治,皆,,曰-N,皆曰垂可,舜
事件屬性,皆曰,,垂可,皆曰垂可,舜
遞進,皆曰,舜以垂,。於是-N,皆曰垂可。於是以垂為共工,舜
政治,舜,垂,以-N,舜曰：「誰能馴予工？」皆曰垂可。於是以垂為共工,舜
事件屬性,舜以垂,共工,為-N,舜曰：「誰能馴予工？」皆曰垂可。於是以垂為共工,舜
屬性,垂,共工,為-N,舜曰：「誰能馴予工？」皆曰垂可。於是以垂為共工,舜
遞進,舜以垂,舜曰,。-N,於是以垂為共工。舜曰：「誰能馴予上下草木鳥獸？」,舜
政治,舜,,曰-N,舜曰：「誰能馴予上下草木鳥獸？」,舜
事件屬性,舜曰,,誰能馴予上下草木鳥獸,舜曰：「誰能馴予上下草木鳥獸？」,舜
遞進,舜曰,皆曰,？」-N,舜曰：「誰能馴予上下草木鳥獸？」皆曰益可,舜
政治,皆,,曰-N,舜曰：「誰能馴予上下草木鳥獸？」皆曰益可,舜
事件屬性,皆曰,,益可,舜曰：「誰能馴予上下草木鳥獸？」皆曰益可,舜
遞進,皆曰,舜以益,。於是-N,舜曰：「誰能馴予上下草木鳥獸？」皆曰益可。於是以益為朕虞,舜
政治,舜,益,以-N,舜曰：「誰能馴予上下草木鳥獸？」皆曰益可。於是以益為朕虞,舜
事件屬性,舜以益,朕虞,為-N,舜曰：「誰能馴予上下草木鳥獸？」皆曰益可。於是以益為朕虞,舜
屬性,益,朕虞,為-N,舜曰：「誰能馴予上下草木鳥獸？」皆曰益可。於是以益為朕虞,舜
遞進,舜以益,益拜稽首,。-N,舜曰：「誰能馴予上下草木鳥獸？」皆曰益可。於是以益為朕虞。益拜稽首,舜
社交,益,稽首,拜-N,益拜稽首,舜
遞進,益拜稽首,益讓諸臣朱虎:熊羆,，-N,益拜稽首，讓于諸臣朱虎、熊羆,舜
政治,益,諸臣朱虎:熊羆,讓-N,益拜稽首，讓于諸臣朱虎、熊羆,舜
遞進,益讓諸臣朱虎:熊羆,舜曰,。-N,益拜稽首，讓于諸臣朱虎、熊羆。舜曰：「往矣，汝諧。」,舜
政治,舜,,曰-N,舜曰：「往矣，汝諧。」,舜
事件屬性,舜曰,,往矣:汝諧,舜曰：「往矣，汝諧。」,舜
遞進,舜曰,皆曰,。」遂-N,舜曰：「往矣，汝諧。」遂以朱虎、熊羆為佐,舜
政治,舜,朱虎:熊羆,以-N,舜曰：「往矣，汝諧。」遂以朱虎、熊羆為佐,舜
屬性,舜以朱虎:熊羆,佐,為-N,舜曰：「往矣，汝諧。」遂以朱虎、熊羆為佐,舜
遞進,舜以朱虎:熊羆,舜曰,。-N,遂以朱虎、熊羆為佐。舜曰：「嗟！四嶽，有能典朕三禮？」,舜
政治,舜,,曰-N,舜曰：「嗟！四嶽，有能典朕三禮？」,舜
事件屬性,舜曰,,嗟:四嶽:有能典朕三禮,舜曰：「嗟！四嶽，有能典朕三禮？」,舜
遞進,舜曰,皆曰,？」-N,舜曰：「嗟！四嶽，有能典朕三禮？」皆曰伯夷可,舜
政治,皆,,曰-N,皆曰伯夷可,舜
事件屬性,皆曰,,伯夷可,皆曰伯夷可,舜
遞進,皆曰,舜曰,。-N,皆曰伯夷可。舜曰：「嗟！伯夷，以汝為秩宗，夙夜維敬，直哉維靜絜。」,舜
政治,舜,,曰-N,舜曰：「嗟！伯夷，以汝為秩宗，夙夜維敬，直哉維靜絜。」,舜
事件屬性,舜曰,,嗟:伯夷:以汝為秩宗:夙夜維敬:直哉維靜絜,舜曰：「嗟！伯夷，以汝為秩宗，夙夜維敬，直哉維靜絜。」,舜
政治,舜,伯夷,以-N,舜曰：「嗟！伯夷，以汝為秩宗，夙夜維敬，直哉維靜絜。」,舜
事件屬性,舜以伯夷,,為秩宗,舜曰：「嗟！伯夷，以汝為秩宗，夙夜維敬，直哉維靜絜。」,舜
事件屬性,舜以伯夷,,夙夜維敬,舜曰：「嗟！伯夷，以汝為秩宗，夙夜維敬，直哉維靜絜。」,舜
事件屬性,舜以伯夷,,直哉維靜絜,舜曰：「嗟！伯夷，以汝為秩宗，夙夜維敬，直哉維靜絜。」,舜
遞進,舜曰,伯夷讓夔:龍,。」-N,舜曰：「嗟！伯夷，以汝為秩宗，夙夜維敬，直哉維靜絜。」伯夷讓夔、龍,舜
屬性,伯夷,秩宗,為-N,伯夷讓夔、龍,舜
政治,伯夷,夔:龍,讓-N,伯夷讓夔、龍。,舜
遞進,伯夷讓夔:龍,舜曰,。-N,伯夷讓夔、龍。舜曰：「然。以夔為典樂，教稺子，直而溫，寬而栗，剛而毋虐，簡而毋傲；詩言意，歌長言，聲依永，律和聲，八音能諧，毋相奪倫，神人以和。」,舜
政治,舜,,曰-N,舜曰：「然。以夔為典樂，教稺子，直而溫，寬而栗，剛而毋虐，簡而毋傲；詩言意，歌長言，聲依永，律和聲，八音能諧，毋相奪倫，神人以和。」,舜
事件屬性,舜曰,,然:以夔為典樂:教稺子:直而溫:寬而栗:剛而毋虐:簡而毋傲:詩言意:歌長言:聲依永:律和聲:八音能諧:毋相奪倫:神人以和,舜曰：「然。以夔為典樂，教稺子，直而溫，寬而栗，剛而毋虐，簡而毋傲；詩言意，歌長言，聲依永，律和聲，八音能諧，毋相奪倫，神人以和。」,舜
屬性,夔,典樂,為-N,舜曰：「然。以夔為典樂，教稺子，直而溫，寬而栗，剛而毋虐，簡而毋傲；詩言意，歌長言，聲依永，律和聲，八音能諧，毋相奪倫，神人以和。」,舜
政治,舜,夔,以-N,舜曰：「然。以夔為典樂，教稺子，直而溫，寬而栗，剛而毋虐，簡而毋傲；詩言意，歌長言，聲依永，律和聲，八音能諧，毋相奪倫，神人以和。」,舜
事件屬性,舜以夔,典樂,為-N,舜曰：「然。以夔為典樂，教稺子，直而溫，寬而栗，剛而毋虐，簡而毋傲；詩言意，歌長言，聲依永，律和聲，八音能諧，毋相奪倫，神人以和。」,舜
政治,夔,稺子,教-N,舜曰：「然。以夔為典樂，教稺子，直而溫，寬而栗，剛而毋虐，簡而毋傲；詩言意，歌長言，聲依永，律和聲，八音能諧，毋相奪倫，神人以和。」,舜
事件屬性,夔教稺子,,直而溫,舜曰：「然。以夔為典樂，教稺子，直而溫，寬而栗，剛而毋虐，簡而毋傲；詩言意，歌長言，聲依永，律和聲，八音能諧，毋相奪倫，神人以和。」,舜
事件屬性,夔教稺子,,寬而栗,舜曰：「然。以夔為典樂，教稺子，直而溫，寬而栗，剛而毋虐，簡而毋傲；詩言意，歌長言，聲依永，律和聲，八音能諧，毋相奪倫，神人以和。」,舜
事件屬性,夔教稺子,,剛而毋虐,舜曰：「然。以夔為典樂，教稺子，直而溫，寬而栗，剛而毋虐，簡而毋傲；詩言意，歌長言，聲依永，律和聲，八音能諧，毋相奪倫，神人以和。」,舜
事件屬性,夔教稺子,,簡而毋傲,舜曰：「然。以夔為典樂，教稺子，直而溫，寬而栗，剛而毋虐，簡而毋傲；詩言意，歌長言，聲依永，律和聲，八音能諧，毋相奪倫，神人以和。」,舜
事件屬性,夔教稺子,,詩言意,舜曰：「然。以夔為典樂，教稺子，直而溫，寬而栗，剛而毋虐，簡而毋傲；詩言意，歌長言，聲依永，律和聲，八音能諧，毋相奪倫，神人以和。」,舜
事件屬性,夔教稺子,,歌長言,舜曰：「然。以夔為典樂，教稺子，直而溫，寬而栗，剛而毋虐，簡而毋傲；詩言意，歌長言，聲依永，律和聲，八音能諧，毋相奪倫，神人以和。」,舜
事件屬性,夔教稺子,,聲依永,舜曰：「然。以夔為典樂，教稺子，直而溫，寬而栗，剛而毋虐，簡而毋傲；詩言意，歌長言，聲依永，律和聲，八音能諧，毋相奪倫，神人以和。」,舜
事件屬性,夔教稺子,,律和聲,舜曰：「然。以夔為典樂，教稺子，直而溫，寬而栗，剛而毋虐，簡而毋傲；詩言意，歌長言，聲依永，律和聲，八音能諧，毋相奪倫，神人以和。」,舜
事件屬性,夔教稺子,,八音能諧,舜曰：「然。以夔為典樂，教稺子，直而溫，寬而栗，剛而毋虐，簡而毋傲；詩言意，歌長言，聲依永，律和聲，八音能諧，毋相奪倫，神人以和。」,舜
事件屬性,夔教稺子,,毋相奪倫,舜曰：「然。以夔為典樂，教稺子，直而溫，寬而栗，剛而毋虐，簡而毋傲；詩言意，歌長言，聲依永，律和聲，八音能諧，毋相奪倫，神人以和。」,舜
事件屬性,夔教稺子,,神人以和,舜曰：「然。以夔為典樂，教稺子，直而溫，寬而栗，剛而毋虐，簡而毋傲；詩言意，歌長言，聲依永，律和聲，八音能諧，毋相奪倫，神人以和。」,舜
遞進,舜曰,夔曰,。」-N,舜曰：「然。以夔為典樂，教稺子，直而溫，寬而栗，剛而毋虐，簡而毋傲；詩言意，歌長言，聲依永，律和聲，八音能諧，毋相奪倫，神人以和。」夔曰：「於！予擊石拊石，百獸率舞。」,舜
政治,夔,,曰-N,夔曰：「於！予擊石拊石，百獸率舞。」,舜
事件屬性,夔曰,,於:予擊石拊石:百獸率舞,夔曰：「於！予擊石拊石，百獸率舞。」,舜
遞進,夔曰,舜曰,。」-N,夔曰：「於！予擊石拊石，百獸率舞。」舜曰：「龍，朕畏忌讒說殄偽，振驚朕眾，命汝為納言，夙夜出入朕命，惟信。」,舜
政治,舜,,曰-N,舜曰：「龍，朕畏忌讒說殄偽，振驚朕眾，命汝為納言，夙夜出入朕命，惟信。」,舜
事件屬性,舜曰,,龍:朕畏忌讒說殄偽:振驚朕眾:命汝為納言:夙夜出入朕命:惟信,舜曰：「龍，朕畏忌讒說殄偽，振驚朕眾，命汝為納言，夙夜出入朕命，惟信。」,舜
屬性,龍:,納言,為-N,舜曰：「龍，朕畏忌讒說殄偽，振驚朕眾，命汝為納言，夙夜出入朕命，惟信。」,舜
政治,舜,龍,命-N,舜曰：「龍，朕畏忌讒說殄偽，振驚朕眾，命汝為納言，夙夜出入朕命，惟信。」,舜
事件屬性,舜命龍,納言,為-N,舜曰：「龍，朕畏忌讒說殄偽，振驚朕眾，命汝為納言，夙夜出入朕命，惟信。」,舜
政治,龍,朕命,出入-N,舜曰：「龍，朕畏忌讒說殄偽，振驚朕眾，命汝為納言，夙夜出入朕命，惟信。」,舜
事件屬性,龍出入朕命,,夙夜,舜曰：「龍，朕畏忌讒說殄偽，振驚朕眾，命汝為納言，夙夜出入朕命，惟信。」,舜
事件屬性,龍出入朕命,,惟信,舜曰：「龍，朕畏忌讒說殄偽，振驚朕眾，命汝為納言，夙夜出入朕命，惟信。」,舜
遞進,舜曰,舜曰,。」-N,舜曰：「龍，朕畏忌讒說殄偽，振驚朕眾，命汝為納言，夙夜出入朕命，惟信。」舜曰：「嗟！女二十有二人，敬哉，惟時相天事。」,舜
政治,舜,,曰-N,舜曰：「嗟！女二十有二人，敬哉，惟時相天事。」,舜
事件屬性,舜曰,,嗟:女二十有二人:敬哉:惟時相天事,舜曰：「嗟！女二十有二人，敬哉，惟時相天事。」,舜
政治,二十有二人,天事,相-N,舜曰：「嗟！女二十有二人，敬哉，惟時相天事。」,舜
事件屬性,二十有二人相天事,,惟時,舜曰：「嗟！女二十有二人，敬哉，惟時相天事。」,舜
政治,二十有二人,,考功-N,舜曰：「嗟！女二十有二人，敬哉，惟時相天事。」三歲一考功,舜
事件屬性,二十有二人考功,,三歲一,舜曰：「嗟！女二十有二人，敬哉，惟時相天事。」三歲一考功,舜
並列,二十有二人考功,二十有二人絀陟,，-N,舜曰：「嗟！女二十有二人，敬哉，惟時相天事。」三歲一考功，三考絀陟,舜
政治,二十有二人,,絀陟-N,舜曰：「嗟！女二十有二人，敬哉，惟時相天事。」三歲一考功，三考絀陟,舜
事件屬性,二十有二人絀陟,,三考,舜曰：「嗟！女二十有二人，敬哉，惟時相天事。」三歲一考功，三考絀陟,舜
因果,二十有二人絀陟,遠近眾功咸興,，-N,舜曰：「嗟！女二十有二人，敬哉，惟時相天事。」三歲一考功，三考絀陟，遠近眾功咸興,舜
政治,遠近眾功,,咸興-N,舜曰：「嗟！女二十有二人，敬哉，惟時相天事。」三歲一考功，三考絀陟，遠近眾功咸興,舜
遞進,遠近眾功咸興,二十有二人分北三苗,。-N,舜曰：「嗟！女二十有二人，敬哉，惟時相天事。」三歲一考功，三考絀陟，遠近眾功咸興。分北三苗,舜
政治,二十有二人,北三苗,分-N,舜曰：「嗟！女二十有二人，敬哉，惟時相天事。」三歲一考功，三考絀陟，遠近眾功咸興。分北三苗,舜
遞進,二十有二人分北三苗,二十二人咸成厥功,。-N,舜曰：「嗟！女二十有二人，敬哉，惟時相天事。」三歲一考功，三考絀陟，遠近眾功咸興。分北三苗。此二十二人咸成厥功,舜
政治,二十二人,厥功,咸成-N,舜曰：「嗟！女二十有二人，敬哉，惟時相天事。」三歲一考功，三考絀陟，遠近眾功咸興。分北三苗。此二十二人咸成厥功,舜
政治,皋陶,大理,為-N,皋陶為大理,舜
事件屬性,皋陶為大理,,平,皋陶為大理，平,舜
遞進,皋陶為大理,民伏得其實,，-N,皋陶為大理，平，民各伏得其實,舜
政治,民,其實,伏得-N,民各伏得其實,舜
並列,民伏得其實,伯夷主禮,；-N,民各伏得其實；伯夷主禮,舜
政治,伯夷,禮,主-N,伯夷主禮,舜
遞進,伯夷主禮,上下咸讓,，-N,伯夷主禮，上下咸讓,舜
政治,上下,,咸讓-N,上下咸讓,舜
並列,上下咸讓,垂主工師,；-N,上下咸讓；垂主工師,舜
政治,垂,工師,主-N,垂主工師,舜
遞進,垂主工師,百工致功,，-N,垂主工師，百工致功,舜
政治,百工,功,致-N,百工致功,舜
並列,百工致功,益主虞,；-N,百工致功；益主虞,舜
政治,益,虞,主-N,益主虞,舜
遞進,益主虞,山澤辟,，-N,益主虞，山澤辟,舜
動作,山澤,,辟-N,山澤辟,舜
並列,山澤辟,弃主稷,；-N,山澤辟；弃主稷,舜
政治,弃,稷,主-N,弃主稷,舜
遞進,弃主稷,百穀時茂,，-N,弃主稷，百穀時茂,舜
動作,百穀,,時茂-N,百穀時茂,舜
並列,百穀時茂,契主司徒,；-N,百穀時茂；契主司徒,舜
政治,契,司徒,主-N,契主司徒,舜
遞進,契主司徒,百姓親和,，-N,契主司徒，百姓親和,舜
政治,百姓,,親和-N,百姓親和,舜
並列,百姓親和,龍主賓客,；-N,百姓親和；龍主賓客,舜
政治,龍,賓客,主-N,龍主賓客,舜
遞進,龍主賓客,遠人至,，-N,龍主賓客，遠人至,舜
空間,遠人,,至-N,遠人至,舜
遞進,遠人至,十二牧行,；-N,遠人至；十二牧行而九州莫敢辟違,舜
政治,十二牧,,行-N,十二牧行而九州莫敢辟違,舜
遞進,十二牧行,九州莫敢辟違,而-N,十二牧行而九州莫敢辟違,舜
政治,九州,,莫敢辟違-N,十二牧行而九州莫敢辟違,舜
屬性,禹,,功為大-N,唯禹之功為大,舜
動作,禹,九山,披-N,唯禹之功為大，披九山,舜
並列,禹披九山,禹通九澤,，-N,唯禹之功為大，披九山，通九澤,舜
動作,禹,九澤,通-N,唯禹之功為大，披九山，通九澤,舜
並列,禹通九澤,禹決九河,，-N,唯禹之功為大，披九山，通九澤，決九河,舜
動作,禹,九河,決-N,唯禹之功為大，披九山，通九澤，決九河,舜
並列,禹決九河,禹定九州,，-N,唯禹之功為大，披九山，通九澤，決九河，定九州,舜
動作,禹,九州,定-N,唯禹之功為大，披九山，通九澤，決九河，定九州,舜
遞進,禹定九州,九州來貢,，-N,唯禹之功為大，披九山，通九澤，決九河，定九州，各以其職來貢,舜
政治,九州,,來貢-N,唯禹之功為大，披九山，通九澤，決九河，定九州，各以其職來貢,舜
事件屬性,九州來貢,,各以其職,唯禹之功為大，披九山，通九澤，決九河，定九州，各以其職來貢，不失厥宜,舜
事件屬性,九州來貢,,不失厥宜,唯禹之功為大，披九山，通九澤，決九河，定九州，各以其職來貢，不失厥宜,舜
事件屬性,九州來貢,,方五千里,唯禹之功為大，披九山，通九澤，決九河，定九州，各以其職來貢，不失厥宜。方五千里,舜
事件屬性,九州來貢,,至于荒服,唯禹之功為大，披九山，通九澤，決九河，定九州，各以其職來貢，不失厥宜。方五千里，至于荒服,舜
政治,禹,交阯:北發:西戎:析枝:渠廋:氐:羌:北山戎:發:息慎:東長:鳥夷,撫-N,唯禹之功為大，披九山，通九澤，決九河，定九州，各以其職來貢，不失厥宜。方五千里，至于荒服。南撫交阯、北發，西戎、析枝、渠廋、氐、羌，北山戎、發、息慎，東長、鳥夷,舜
遞進,禹撫交阯:北發:西戎:析枝:渠廋:氐:羌:北山戎:發:息慎:東長:鳥夷,四海之內咸戴帝舜之功,，-N,唯禹之功為大，披九山，通九澤，決九河，定九州，各以其職來貢，不失厥宜。方五千里，至于荒服。南撫交阯、北發，西戎、析枝、渠廋、氐、羌，北山戎、發、息慎，東長、鳥夷，四海之內咸戴帝舜之功,舜
政治,四海之內,帝舜之功,咸戴-N,四海之內咸戴帝舜之功,舜
因果,四海之內戴咸帝舜之功,禹興九招之樂,。於是-N,四海之內咸戴帝舜之功。於是禹乃興九招之樂,舜
政治,禹,九招之樂,興-N,禹乃興九招之樂,舜
並列,禹興九招之樂,禹致異物,，-N,禹乃興九招之樂，致異物,舜
政治,禹,異物,致-N,禹乃興九招之樂，致異物,舜
遞進,禹致異物,鳳皇來翔,，-N,禹乃興九招之樂，致異物，鳳皇來翔,舜
政治,鳳皇,,來翔-N,鳳皇來翔,舜
遞進,鳳皇來翔,天下明德始,。-N,鳳皇來翔。天下明德皆自虞帝始,舜
政治,天下明德,,始,天下明德皆自虞帝始,舜
事件屬性,天下明德始,,自虞帝,天下明德皆自虞帝始,舜
政治,舜,,聞-N,舜年二十以孝聞,舜
事件屬性,舜聞,,年二十以孝,舜年二十以孝聞,舜
遞進,舜聞,堯舉舜,，-N,舜年二十以孝聞，年三十堯舉之,舜
政治,堯,舜,舉-N,舜年二十以孝聞，年三十堯舉之,舜
事件屬性,堯舉舜,,年三十,舜年二十以孝聞，年三十堯舉之,舜
遞進,堯舉舜,舜攝行天子事,，-N,舜年二十以孝聞，年三十堯舉之，年五十攝行天子事,舜
政治,舜,天子事,攝行-N,舜年二十以孝聞，年三十堯舉之，年五十攝行天子事,舜
事件屬性,舜攝行天子事,,年五十,舜年二十以孝聞，年三十堯舉之，年五十攝行天子事,舜
遞進,舜攝行天子事,堯崩,，-N,舜年二十以孝聞，年三十堯舉之，年五十攝行天子事，年五十八堯崩,舜
生命,堯,,崩,舜年二十以孝聞，年三十堯舉之，年五十攝行天子事，年五十八堯崩,舜
事件屬性,堯崩,,年五十八,舜年二十以孝聞，年三十堯舉之，年五十攝行天子事，年五十八堯崩,舜
遞進,舜攝行天子事,舜踐帝位,，-N,舜年二十以孝聞，年三十堯舉之，年五十攝行天子事，年五十八堯崩，年六十一代堯踐帝位,舜
政治,舜,堯,代-N,舜年二十以孝聞，年三十堯舉之，年五十攝行天子事，年五十八堯崩，年六十一代堯踐帝位,舜
事件屬性,舜代堯,,年六十一,舜年二十以孝聞，年三十堯舉之，年五十攝行天子事，年五十八堯崩，年六十一代堯踐帝位,舜
事件屬性,舜代堯,,舜踐帝位,舜年二十以孝聞，年三十堯舉之，年五十攝行天子事，年五十八堯崩，年六十一代堯踐帝位。踐帝位三十九年,舜
政治,舜,帝位,踐-N,舜年二十以孝聞，年三十堯舉之，年五十攝行天子事，年五十八堯崩，年六十一代堯踐帝位。踐帝位三十九年,舜
事件屬性,舜踐帝位,,三十九年,舜年二十以孝聞，年三十堯舉之，年五十攝行天子事，年五十八堯崩，年六十一代堯踐帝位。踐帝位三十九年,舜
遞進,舜踐帝位,舜南巡狩,，-N,舜年二十以孝聞，年三十堯舉之，年五十攝行天子事，年五十八堯崩，年六十一代堯踐帝位。踐帝位三十九年，南巡狩,舜
空間,舜,,南巡狩-N,舜年二十以孝聞，年三十堯舉之，年五十攝行天子事，年五十八堯崩，年六十一代堯踐帝位。踐帝位三十九年，南巡狩,舜
遞進,舜南巡狩,舜崩,，-N,舜年二十以孝聞，年三十堯舉之，年五十攝行天子事，年五十八堯崩，年六十一代堯踐帝位。踐帝位三十九年，南巡狩，崩於蒼梧之野,舜
生命,舜,,崩,舜年二十以孝聞，年三十堯舉之，年五十攝行天子事，年五十八堯崩，年六十一代堯踐帝位。踐帝位三十九年，南巡狩，崩於蒼梧之野,舜
事件屬性,舜崩,蒼梧之野,於-L,舜年二十以孝聞，年三十堯舉之，年五十攝行天子事，年五十八堯崩，年六十一代堯踐帝位。踐帝位三十九年，南巡狩，崩於蒼梧之野,舜
遞進,舜崩,舜葬江南九疑,。-N,舜年二十以孝聞，年三十堯舉之，年五十攝行天子事，年五十八堯崩，年六十一代堯踐帝位。踐帝位三十九年，南巡狩，崩於蒼梧之野。葬於江南九疑,舜
空間,舜,江南九疑,葬-L,舜年二十以孝聞，年三十堯舉之，年五十攝行天子事，年五十八堯崩，年六十一代堯踐帝位。踐帝位三十九年，南巡狩，崩於蒼梧之野。葬於江南九疑,舜
屬性,江南九疑,零陵,是為-L,葬於江南九疑，是為零陵,舜
政治,舜,帝位,踐-N,舜之踐帝位,舜
事件屬性,舜踐帝位,,載天子旗,舜之踐帝位，載天子旗,舜
遞進,舜踐帝位,舜往朝瞽叟,，-N,舜之踐帝位，載天子旗，往朝父瞽叟,舜
社交,舜,瞽叟,往朝-N,舜之踐帝位，載天子旗，往朝父瞽叟,舜
事件屬性,舜往朝瞽叟,,夔夔唯謹,舜之踐帝位，載天子旗，往朝父瞽叟，夔夔唯謹,舜
事件屬性,舜往朝瞽叟,,如子道,舜之踐帝位，載天子旗，往朝父瞽叟，夔夔唯謹，如子道,舜
並列,舜往朝瞽叟,舜封象,。-N,舜之踐帝位，載天子旗，往朝父瞽叟，夔夔唯謹，如子道。封弟象為諸侯,舜
政治,舜,象,封-N,舜之踐帝位，載天子旗，往朝父瞽叟，夔夔唯謹，如子道。封弟象為諸侯,舜
事件屬性,舜封象,諸侯,為-N,舜之踐帝位，載天子旗，往朝父瞽叟，夔夔唯謹，如子道。封弟象為諸侯,舜
生命,舜,商均,子-N,舜子商均亦不肖,舜
屬性,商均,不肖,亦-N,舜子商均亦不肖,舜
遞進,舜子商均,舜豫薦禹,，-N,舜子商均亦不肖，舜乃豫薦禹於天,舜
政治,舜,禹,豫薦-N,舜乃豫薦禹於天,舜
事件屬性,舜豫薦禹,,於天,舜乃豫薦禹於天,舜
事件屬性,舜豫薦禹,,十七年,舜乃豫薦禹於天。十七年而崩,舜
遞進,舜豫薦禹,舜崩,而-N,舜乃豫薦禹於天。十七年而崩,舜
生命,舜,,崩,舜乃豫薦禹於天。十七年而崩,舜
政治,禹,舜子,讓-N,三年喪畢，禹亦乃讓舜子,
事件屬性,禹讓舜子,,如舜讓堯子,三年喪畢，禹亦乃讓舜子，如舜讓堯子,
事件屬性,禹讓舜子,,三年喪畢,三年喪畢，禹亦乃讓舜子，如舜讓堯子,
遞進,禹讓舜子,諸侯歸禹,。-N,三年喪畢，禹亦乃讓舜子，如舜讓堯子。諸侯歸之,
政治,諸侯,禹,歸-N,三年喪畢，禹亦乃讓舜子，如舜讓堯子。諸侯歸之,
遞進,諸侯歸禹,禹踐天子位,，然後-N,三年喪畢，禹亦乃讓舜子，如舜讓堯子。諸侯歸之，然後禹踐天子位,
政治,禹,天子位,踐-N,三年喪畢，禹亦乃讓舜子，如舜讓堯子。諸侯歸之，然後禹踐天子位,
政治,堯子丹朱:舜子商均,疆土,皆有-N,三年喪畢，禹亦乃讓舜子，如舜讓堯子。諸侯歸之，然後禹踐天子位。堯子丹朱，舜子商均，皆有疆土,
事件屬性,堯子丹朱:舜子商均皆有疆土,,以奉先祀,三年喪畢，禹亦乃讓舜子，如舜讓堯子。諸侯歸之，然後禹踐天子位。堯子丹朱，舜子商均，皆有疆土，以奉先祀,
事件屬性,堯子丹朱:舜子商均皆有疆土,,服其服:禮樂如之,三年喪畢，禹亦乃讓舜子，如舜讓堯子。諸侯歸之，然後禹踐天子位。堯子丹朱，舜子商均，皆有疆土，以奉先祀。服其服，禮樂如之,
政治,堯子丹朱:舜子商均,天子,見-N,三年喪畢，禹亦乃讓舜子，如舜讓堯子。諸侯歸之，然後禹踐天子位。堯子丹朱，舜子商均，皆有疆土，以奉先祀。服其服，禮樂如之。以客見天子,
事件屬性,堯子丹朱:舜子商均見天子,,以客,三年喪畢，禹亦乃讓舜子，如舜讓堯子。諸侯歸之，然後禹踐天子位。堯子丹朱，舜子商均，皆有疆土，以奉先祀。服其服，禮樂如之。以客見天子,
政治,天子,堯子丹朱:舜子商均,弗臣-N,三年喪畢，禹亦乃讓舜子，如舜讓堯子。諸侯歸之，然後禹踐天子位。堯子丹朱，舜子商均，皆有疆土，以奉先祀。服其服，禮樂如之。以客見天子，天子弗臣,
事件屬性,天子弗臣堯子丹朱:舜子商均,,示不敢專也,三年喪畢，禹亦乃讓舜子，如舜讓堯子。諸侯歸之，然後禹踐天子位。堯子丹朱，舜子商均，皆有疆土，以奉先祀。服其服，禮樂如之。以客見天子，天子弗臣，示不敢專也,
政治,黃帝:舜:禹,姓,同-N,自黃帝至舜、禹，皆同姓而異其國號,
事件屬性,黃帝:舜:禹同姓,,自黃帝至舜、禹,自黃帝至舜、禹，皆同姓而異其國號,
並列,黃帝:舜:禹同姓,黃帝:舜:禹異國號,而-N,自黃帝至舜、禹，皆同姓而異其國號,
政治,黃帝:舜:禹同姓,國號,異-N,自黃帝至舜、禹，皆同姓而異其國號,
事件屬性,黃帝:舜:禹異國號,,以章明德,自黃帝至舜、禹，皆同姓而異其國號，以章明德,
屬性,黃帝,有熊,為-N,故黃帝為有熊,
屬性,帝顓頊,高陽,為-N,帝顓頊為高陽,
屬性,帝嚳,高辛,為-N,帝嚳為高辛,
屬性,帝堯,陶唐,為-N,帝堯為陶唐,
屬性,帝舜,有虞,為-N,帝舜為有虞,
屬性,帝禹,夏后,為-N,帝禹為夏后而別氏,
屬性,帝禹,姒氏,姓-N,帝禹為夏后而別氏，姓姒氏,
屬性,契,商,為-N,契為商,
屬性,契,子氏,姓-N,契為商，姓子氏,
屬性,弃,周,為-N,弃為周,
屬性,弃,姬氏,姓-N,弃為周，姓姬氏,
